id_pedido,fecha_salida,pais,producto,ciudad,dias_previstos,dias_reales,costo_envio,ingreso_venta,penalizacion,estado,lat,lon
PED-00001,2024-11-23,Perú,Mouse Ergonómico,Trujillo,7,9.0,47.42379514489006,80.88640597184835,20.18423170492085,Retrasado,-8.115,-79.029
PED-00002,2024-02-27,Colombia,Teclado Mecánico,Cali,5,5.0,29.30366546699892,98.21573871267995,0.0,A tiempo,3.4516,-76.5319
PED-00003,2024-01-13,Chile,Monitor 4K,Concepción,7,,56.89164457074335,153.68720524979415,0.0,A tiempo,-36.8201,-73.0444
PED-00004,2024-05-20,México,Laptop Pro,Monterrey,5,7.0,43.16365717713612,222.63649018161692,29.063550765262786,Retrasado,25.6866,-100.3161
PED-00005,2024-05-05,Chile,Hub USB-C,Santiago,10,7.0,47.262707478332395,100.92322635801683,0.0,A tiempo,-33.4489,-70.6693
PED-00006,2024-04-24,Colombia,Mouse Ergonómico,Cali,5,9.0,29.857296470506114,124.99614378616172,48.965439153305326,Retrasado,3.4516,-76.5319
PED-00007,2024-03-12,Colombia,Monitor 4K,Cali,3,4.0,31.49597957518788,107.73794299967184,13.122395386087472,Retrasado,3.4516,-76.5319
PED-00008,2024-02-22,México,Mouse Ergonómico,Monterrey,5,5.0,50.978271747079226,152.39460677734138,0.0,A tiempo,25.6866,-100.3161
PED-00009,2024-12-12,Perú,Teclado Mecánico,Trujillo,6,6.0,54.3600577522258,97.02618680965902,0.0,A tiempo,-8.115,-79.029
PED-00010,2024-10-06,Perú,Monitor 4K,Trujillo,7,7.0,58.43839509641737,92.61794231256219,0.0,A tiempo,-8.115,-79.029
PED-00011,2024-02-14,Colombia,Laptop Pro,Cali,3,0.0,33.92634115650968,323.69318188053376,0.0,A tiempo,3.4516,-76.5319
PED-00012,2024-10-29,Colombia,Laptop Pro,Medellín,4,8.0,34.535855235092185,303.972552598054,52.86586388658,Retrasado,6.2476,-75.5658
PED-00013,2024-08-04,Perú,Laptop Pro,Arequipa,6,7.0,34.17776833253522,284.3836504687812,6.222887211805995,Retrasado,-16.409,-71.5375
PED-00014,2024-01-17,Colombia,Laptop Pro,Bogotá,3,5.0,30.502276991656803,320.64576158345517,26.97175314061756,Retrasado,4.711,-74.0721
PED-00015,2024-01-16,México,Hub USB-C,Guadalajara,6,9.0,54.79507548001609,73.8988682713342,27.42205858321327,Retrasado,20.6597,-103.3496
PED-00016,2024-02-17,México,Mouse Ergonómico,CDMX,5,4.0,57.2894119457045,75.55291391922691,0.0,A tiempo,19.4326,-99.1332
PED-00017,2024-04-21,Chile,Monitor 4K,Concepción,8,10.0,43.07649225766206,78.88023912937545,27.395371360278517,Retrasado,-36.8201,-73.0444
PED-00018,2024-04-29,Perú,Laptop Pro,Arequipa,6,6.0,43.40960725111355,354.1227664066563,0.0,A tiempo,-16.409,-71.5375
PED-00019,2024-09-15,Colombia,Hub USB-C,Bogotá,4,7.0,24.258993247164018,-28.840654239428545,39.2509407053045,Retrasado,4.711,-74.0721
PED-00020,2024-11-04,Chile,Laptop Pro,Santiago,7,3.0,55.36413899891343,315.8239533905177,0.0,A tiempo,-33.4489,-70.6693
PED-00021,2024-01-14,México,Laptop Pro,CDMX,8,8.0,60.33881054924208,301.3708725680089,0.0,A tiempo,19.4326,-99.1332
PED-00022,2024-10-14,Perú,Teclado Mecánico,Lima,6,6.0,45.92539892708398,32.76518163047518,0.0,A tiempo,-12.0464,-77.0428
PED-00023,2024-04-11,México,Monitor 4K,Monterrey,6,8.0,59.07962313627049,112.38907116544009,12.004565132857685,Retrasado,25.6866,-100.3161
PED-00024,2024-11-28,Colombia,Mouse Ergonómico,Cali,3,5.0,31.234798091645942,119.03007967326128,25.087519110498192,Retrasado,3.4516,-76.5319
PED-00025,2024-12-25,Chile,Teclado Mecánico,Santiago,8,8.0,48.757142228375635,123.585569254296,0.0,A tiempo,-33.4489,-70.6693
PED-00026,2024-06-10,Colombia,Teclado Mecánico,Cali,4,4.0,27.88615770182031,-6.073122521797956,0.0,A tiempo,3.4516,-76.5319
PED-00027,2024-08-02,Colombia,Mouse Ergonómico,Bogotá,4,4.0,37.46611364602157,154.65557647417754,0.0,A tiempo,4.711,-74.0721
PED-00028,2024-04-22,Perú,Laptop Pro,Trujillo,7,6.0,53.2557781678707,270.4905318126064,0.0,A tiempo,-8.115,-79.029
PED-00029,2024-08-17,Perú,Laptop Pro,Arequipa,6,9.0,72.75825427647638,327.462709870127,38.44470729775716,Retrasado,-16.409,-71.5375
PED-00030,2024-10-28,Colombia,Monitor 4K,Medellín,8,8.0,21.477753570026756,129.64295122729143,0.0,A tiempo,6.2476,-75.5658
PED-00031,2024-05-22,Perú,Laptop Pro,Lima,6,0.0,55.181017020299755,264.9321165752283,0.0,A tiempo,-12.0464,-77.0428
PED-00032,2024-01-04,Chile,Teclado Mecánico,Valparaíso,7,7.0,44.70798990188487,126.41839809406201,0.0,A tiempo,-33.0472,-71.6127
PED-00033,2024-03-22,Chile,Teclado Mecánico,Valparaíso,7,6.0,41.30713013011356,84.58027036350568,0.0,A tiempo,-33.0472,-71.6127
PED-00034,2024-12-23,Colombia,Teclado Mecánico,Cali,3,0.0,29.89132862965028,17.144912826473714,0.0,A tiempo,3.4516,-76.5319
PED-00035,2024-08-04,Chile,Mouse Ergonómico,Concepción,8,6.0,51.37352479407036,146.70967702111116,0.0,A tiempo,-36.8201,-73.0444
PED-00036,2024-06-23,Colombia,Laptop Pro,Bogotá,4,5.0,59.181735550600926,268.9982014793504,7.507318260020544,Retrasado,4.711,-74.0721
PED-00037,2024-05-22,Chile,Laptop Pro,Santiago,7,11.0,48.15854184316798,265.82026149047783,55.78155408962364,Retrasado,-33.4489,-70.6693
PED-00038,2024-03-20,México,Laptop Pro,Guadalajara,6,7.0,38.69821270515317,283.8773652785311,12.151056136180891,Retrasado,20.6597,-103.3496
PED-00039,2024-04-20,Colombia,Laptop Pro,Bogotá,4,4.0,32.73010717494385,310.88946901309555,0.0,A tiempo,4.711,-74.0721
PED-00040,2024-06-21,Chile,Monitor 4K,Concepción,9,11.0,29.253599624536317,97.70918356711591,23.275334722434,Retrasado,-36.8201,-73.0444
PED-00041,2024-02-22,México,Monitor 4K,Monterrey,5,5.0,49.08043217395734,121.92267698828681,0.0,A tiempo,25.6866,-100.3161
PED-00042,2024-02-17,Colombia,Teclado Mecánico,Medellín,6,6.0,30.160252822951605,46.42042533885365,0.0,A tiempo,6.2476,-75.5658
PED-00043,2024-07-13,Chile,Teclado Mecánico,Santiago,7,6.0,57.94600382945212,70.30454518277061,0.0,A tiempo,-33.4489,-70.6693
PED-00044,2024-02-19,Chile,Mouse Ergonómico,Valparaíso,7,4.0,59.736222494278465,95.36011710713866,0.0,A tiempo,-33.0472,-71.6127
PED-00045,2024-07-02,México,Hub USB-C,Monterrey,5,5.0,44.96430381092283,175.91549170634823,0.0,A tiempo,25.6866,-100.3161
PED-00046,2024-06-25,Perú,Teclado Mecánico,Trujillo,8,9.0,48.49385985370067,95.44749846344968,13.997596153682574,Retrasado,-8.115,-79.029
PED-00047,2024-11-05,Perú,Laptop Pro,Trujillo,6,6.0,42.33879169389329,343.4088905464653,0.0,A tiempo,-8.115,-79.029
PED-00048,2024-05-15,México,Teclado Mecánico,Monterrey,5,5.0,38.71937445192306,101.5422067513727,0.0,A tiempo,25.6866,-100.3161
PED-00049,2024-01-23,México,Teclado Mecánico,CDMX,5,4.0,53.098947793806346,80.65365450249726,0.0,A tiempo,19.4326,-99.1332
PED-00050,2024-08-23,Colombia,Monitor 4K,Bogotá,6,8.0,17.264144514034008,90.13102303542237,25.93975309517971,Retrasado,4.711,-74.0721
PED-00051,2024-10-01,Perú,Laptop Pro,Trujillo,6,4.0,45.85373099428137,293.26321151884474,0.0,A tiempo,-8.115,-79.029
PED-00052,2024-03-04,Colombia,Mouse Ergonómico,Medellín,5,7.0,20.048260401007624,124.14582955842954,12.614694789157,Retrasado,6.2476,-75.5658
PED-00053,2024-07-12,Chile,Mouse Ergonómico,Valparaíso,9,8.0,55.496831862902596,154.98445070306218,0.0,A tiempo,-33.0472,-71.6127
PED-00054,2024-02-10,México,Mouse Ergonómico,Monterrey,6,6.0,68.01430099266489,114.38723390745284,0.0,A tiempo,25.6866,-100.3161
PED-00055,2024-10-09,Colombia,Teclado Mecánico,Cali,3,1.0,16.984120171966687,147.48310714967022,0.0,A tiempo,3.4516,-76.5319
PED-00056,2024-05-30,México,Mouse Ergonómico,Guadalajara,5,5.0,31.469815171024308,61.40841049481258,0.0,A tiempo,20.6597,-103.3496
PED-00057,2024-11-17,Colombia,Mouse Ergonómico,Cali,4,7.0,28.751131146499326,83.41477964743878,43.49865027996612,Retrasado,3.4516,-76.5319
PED-00058,2024-11-12,Chile,Mouse Ergonómico,Santiago,9,11.0,50.15697795957758,71.02789863169333,26.112738505498363,Retrasado,-33.4489,-70.6693
PED-00059,2024-04-07,Chile,monitor_4k,Santiago,8,11.0,52.18659306757298,112.5777836349941,26.326362689866713,Retrasado,-33.4489,-70.6693
PED-00060,2024-10-22,Perú,Laptop Pro,Lima,6,8.0,45.53679484765655,285.6416645928235,25.77372858462848,Retrasado,-12.0464,-77.0428
PED-00061,2024-04-08,Perú,Monitor 4K,Arequipa,6,5.0,47.99360701174568,129.19091748136782,0.0,A tiempo,-16.409,-71.5375
PED-00062,2024-12-26,Chile,Laptop Pro,Valparaíso,7,7.0,53.67510410540602,262.75993153470233,0.0,A tiempo,-33.0472,-71.6127
PED-00063,2024-02-05,Colombia,Monitor 4K,Cali,3,3.0,40.40430892644839,101.72123893285126,0.0,A tiempo,3.4516,-76.5319
PED-00064,2024-01-24,México,Laptop Pro,Monterrey,9,13.0,30.449512296817172,327.47431644049027,35.4286685104408,Retrasado,25.6866,-100.3161
PED-00065,2024-12-04,Chile,Mouse Ergonómico,Valparaíso,7,6.0,46.310605609685375,17.387888998375587,0.0,A tiempo,-33.0472,-71.6127
PED-00066,2024-04-26,Chile,Hub USB-C,Santiago,10,13.0,52.13808793941063,184.86525229320813,22.169597632670296,Retrasado,-33.4489,-70.6693
PED-00067,2024-05-28,Colombia,Mouse Ergonómico,Cali,3,6.0,20.82023895389264,88.67392460480497,21.19539494789352,Retrasado,3.4516,-76.5319
PED-00068,2024-02-10,Chile,Hub USB-C,Santiago,7,12.0,67.311696317673,18.998403452953085,73.49103926205201,Retrasado,-33.4489,-70.6693
PED-00069,2024-04-29,Chile,Mouse Ergonómico,Valparaíso,7,7.0,43.64590119771263,106.32375594307145,0.0,A tiempo,-33.0472,-71.6127
PED-00070,2024-02-21,Colombia,Monitor 4K,Bogotá,4,6.0,29.587073129927173,101.33773871892603,25.715643007875087,Retrasado,4.711,-74.0721
PED-00071,2024-07-13,Chile,Hub USB-C,Concepción,8,14.0,55.56022096842291,96.72422481710028,49.282197344452214,Retrasado,-36.8201,-73.0444
PED-00072,2024-05-22,Perú,Mouse Ergonómico,Arequipa,7,7.0,44.087152111981055,139.64764451706665,0.0,A tiempo,-16.409,-71.5375
PED-00073,2024-08-20,Perú,Teclado Mecánico,Trujillo,6,4.0,31.534269521955828,129.89779885708225,0.0,A tiempo,-8.115,-79.029
PED-00074,2024-11-21,Perú,Hub USB-C,Arequipa,6,3.0,45.71345473083467,111.9150476409538,0.0,A tiempo,-16.409,-71.5375
PED-00075,2024-07-05,Perú,Laptop Pro,Arequipa,6,8.0,60.2944055592704,318.0062253578659,21.035585674513907,Retrasado,-16.409,-71.5375
PED-00076,2024-03-24,Chile,Monitor 4K,Valparaíso,8,5.0,46.631048732148614,95.82566202247654,0.0,A tiempo,-33.0472,-71.6127
PED-00077,2024-07-08,México,Mouse Ergonómico,Guadalajara,6,6.0,41.53565698541021,171.01963396960193,0.0,A tiempo,20.6597,-103.3496
PED-00078,2024-06-30,Perú,Mouse Ergonómico,Lima,6,8.0,59.256722095027214,40.832159265689334,10.998449713267583,Retrasado,-12.0464,-77.0428
PED-00079,2024-04-17,Perú,Laptop Pro,Trujillo,8,9.0,46.692251039769474,305.58606696863586,6.155566988363388,Retrasado,-8.115,-79.029
PED-00080,2024-12-09,Chile,Mouse Ergonómico,Valparaíso,8,10.0,44.89839186349783,102.60098524755121,11.4273402777876,Retrasado,-33.0472,-71.6127
PED-00081,2024-05-16,Chile,Mouse Ergonómico,Concepción,7,8.0,51.4945608966331,132.53121624258372,12.605581155199229,Retrasado,-36.8201,-73.0444
PED-00082,2024-12-25,Colombia,Laptop Pro,Cali,3,7.0,37.70750209618787,266.245844903004,39.422648091337166,Retrasado,3.4516,-76.5319
PED-00083,2024-12-15,Perú,Laptop Pro,Trujillo,7,6.0,73.81713531732547,230.25309590413855,0.0,A tiempo,-8.115,-79.029
PED-00084,2024-11-27,Colombia,Teclado Mecánico,Medellín,3,3.0,38.27236107657423,106.27292064392773,0.0,A tiempo,6.2476,-75.5658
PED-00085,2024-02-06,Perú,Teclado Mecánico,Trujillo,6,6.0,61.59839966388344,111.24921968874416,0.0,A tiempo,-8.115,-79.029
PED-00086,2024-11-07,México,Laptop Pro,Guadalajara,6,9.0,44.940338010121444,359.58397637790597,42.32255438214442,Retrasado,20.6597,-103.3496
PED-00087,2024-11-21,Chile,Hub USB-C,Santiago,7,10.0,39.741318940305234,49.18551814699655,36.47029440367731,Retrasado,-33.4489,-70.6693
PED-00088,2024-03-28,Chile,Hub USB-C,Santiago,9,11.0,50.62331349619123,146.1877506686688,27.693647548433756,Retrasado,-33.4489,-70.6693
PED-00089,2024-09-30,Colombia,Hub USB-C,Cali,5,8.0,31.07169915259596,194.69657456108484,24.589440827628742,Retrasado,3.4516,-76.5319
PED-00090,2024-05-05,Colombia,Monitor 4K,Cali,4,,19.214872586354026,84.88940449910092,0.0,A tiempo,3.4516,-76.5319
PED-00091,2024-03-24,Chile,teclado_mecánico,Valparaíso,9,14.0,48.24705470095987,48.36231122027104,55.6856090927114,Retrasado,-33.0472,-71.6127
PED-00092,2024-08-24,Chile,Hub USB-C,Valparaíso,7,11.0,53.99317601719131,83.72102534506516,44.945037891890564,Retrasado,-33.0472,-71.6127
PED-00093,2024-07-13,Chile,Hub USB-C,Santiago,8,10.0,53.6039339501808,100.56019869485523,19.63399676024682,Retrasado,-33.4489,-70.6693
PED-00094,2024-05-18,Perú,Hub USB-C,Lima,6,11.0,55.042878533842725,122.55151500027658,45.032892421897664,Retrasado,-12.0464,-77.0428
PED-00095,2024-11-23,Perú,Laptop Pro,Arequipa,6,3.0,52.90964730137443,276.3442108064781,0.0,A tiempo,-16.409,-71.5375
PED-00096,2024-12-18,México,Mouse Ergonómico,CDMX,7,7.0,44.929913407299445,162.20794136589367,0.0,A tiempo,19.4326,-99.1332
PED-00097,2024-10-12,Perú,Monitor 4K,Arequipa,7,7.0,44.86099373351157,55.41870739967753,0.0,A tiempo,-16.409,-71.5375
PED-00098,2024-04-22,Chile,Mouse Ergonómico,Valparaíso,8,10.0,38.010486020061236,30.431793913088,24.54584954479137,Retrasado,-33.0472,-71.6127
PED-00099,2024-12-16,Perú,Teclado Mecánico,Trujillo,7,6.0,67.84775039185095,144.26841697149268,0.0,A tiempo,-8.115,-79.029
PED-00100,2024-06-15,Colombia,Mouse Ergonómico,Cali,4,6.0,30.13450364619293,9.015158751752011,12.003386524746597,Retrasado,3.4516,-76.5319
PED-00101,2024-01-29,Chile,Monitor 4K,Santiago,7,11.0,47.75146944205148,91.83480924509135,34.09724102210963,Retrasado,-33.4489,-70.6693
PED-00102,2024-04-27,Perú,Hub USB-C,Trujillo,6,8.0,40.71207918547541,224.7072451683219,18.059456002467883,Retrasado,-8.115,-79.029
PED-00103,2024-01-17,Chile,Hub USB-C,Concepción,9,10.0,79.35657902327779,99.51825788160274,5.165371245606708,Retrasado,-36.8201,-73.0444
PED-00104,2024-06-10,Colombia,Laptop Pro,Medellín,5,4.0,19.266719677771043,255.16929397215,0.0,A tiempo,6.2476,-75.5658
PED-00105,2024-07-24,Colombia,Laptop Pro,Bogotá,4,,25.711520743939268,297.70410144852826,0.0,A tiempo,4.711,-74.0721
PED-00106,2024-05-17,Perú,Monitor 4K,Trujillo,6,10.0,54.15836836286061,97.96796845521865,43.21672663120588,Retrasado,-8.115,-79.029
PED-00107,2024-03-02,Chile,Hub USB-C,Santiago,10,12.0,56.00212965744278,106.42599761412467,11.47926374541912,Retrasado,-33.4489,-70.6693
PED-00108,2024-04-18,México,Mouse Ergonómico,Monterrey,5,5.0,59.579320552156844,126.49051928638478,0.0,A tiempo,25.6866,-100.3161
PED-00109,2024-10-17,Colombia,Mouse Ergonómico,Cali,7,7.0,48.07608507769263,58.43555326529043,0.0,A tiempo,3.4516,-76.5319
PED-00110,2024-06-10,México,Monitor 4K,Monterrey,5,1.0,55.06157655460712,167.50192220947173,0.0,A tiempo,25.6866,-100.3161
PED-00111,2024-04-18,Perú,Laptop Pro,Trujillo,6,5.0,39.439692000333324,309.8045713749047,0.0,A tiempo,-8.115,-79.029
PED-00112,2024-12-01,Colombia,Mouse Ergonómico,Bogotá,5,10.0,27.430548748782186,129.07176185607216,74.93750171956584,Retrasado,4.711,-74.0721
PED-00113,2024-09-12,México,Teclado Mecánico,Monterrey,5,3.0,53.07832372513885,74.8740240097743,0.0,A tiempo,25.6866,-100.3161
PED-00114,2024-07-21,Colombia,Monitor 4K,Medellín,4,5.0,50.68226041505824,151.45528547982133,7.988030640832746,Retrasado,6.2476,-75.5658
PED-00115,2024-11-25,México,Teclado Mecánico,CDMX,5,8.0,36.02194521575703,89.71790364747741,40.750681654772904,Retrasado,19.4326,-99.1332
PED-00116,2024-08-22,Chile,Teclado Mecánico,Valparaíso,9,7.0,62.025765052252275,111.10210053974127,0.0,A tiempo,-33.0472,-71.6127
PED-00117,2024-03-14,Chile,Laptop Pro,Santiago,7,8.0,51.79914369546417,262.6757569125156,11.296412342324572,Retrasado,-33.4489,-70.6693
PED-00118,2024-05-15,Perú,Hub USB-C,Arequipa,7,10.0,58.37830535229481,60.12273494391493,38.85422167534567,Retrasado,-16.409,-71.5375
PED-00119,2024-03-12,Colombia,Monitor 4K,Medellín,3,4.0,28.98005283364068,127.5282122581153,12.817458588152745,Retrasado,6.2476,-75.5658
PED-00120,2024-05-06,México,Hub USB-C,Monterrey,8,16.0,41.575673698736736,82.25572679170456,68.42717665756376,Retrasado,25.6866,-100.3161
PED-00121,2024-10-14,Perú,Mouse Ergonómico,Lima,7,4.0,57.50872779401332,65.84707649982491,0.0,A tiempo,-12.0464,-77.0428
PED-00122,2024-10-02,Chile,Mouse Ergonómico,Concepción,7,10.0,56.54431027105621,74.27266631891878,39.99170823792641,Retrasado,-36.8201,-73.0444
PED-00123,2024-05-14,Chile,Monitor 4K,Valparaíso,7,7.0,59.72056965739722,127.95812286869685,0.0,A tiempo,-33.0472,-71.6127
PED-00124,2024-10-26,Perú,Laptop Pro,Lima,6,8.0,49.866953646213645,274.83848555185557,10.423276279640765,Retrasado,-12.0464,-77.0428
PED-00125,2024-08-07,Colombia,mouse_ergonómico,Bogotá,5,7.0,24.001779766801505,95.29380273591343,16.73411337795067,Retrasado,4.711,-74.0721
PED-00126,2024-10-25,México,Mouse Ergonómico,Monterrey,7,7.0,34.412130049761586,100.60111001148388,0.0,A tiempo,25.6866,-100.3161
PED-00127,2024-07-23,Chile,Hub USB-C,Santiago,8,9.0,58.19373268139407,23.306044559588045,7.32972212078039,Retrasado,-33.4489,-70.6693
PED-00128,2024-07-04,Perú,Mouse Ergonómico,Lima,6,3.0,54.23889482443986,41.15494378505928,0.0,A tiempo,-12.0464,-77.0428
PED-00129,2024-04-22,Chile,Laptop Pro,Santiago,8,10.0,40.342173671360406,313.4511155699025,10.737865778215363,Retrasado,-33.4489,-70.6693
PED-00130,2024-03-11,Chile,Mouse Ergonómico,Valparaíso,7,8.0,44.614263267033756,70.51882555389211,7.198007119619238,Retrasado,-33.0472,-71.6127
PED-00131,2024-09-17,México,Mouse Ergonómico,Guadalajara,6,8.0,45.332411880485594,142.26899645121674,16.191387044764628,Retrasado,20.6597,-103.3496
PED-00132,2024-09-09,Colombia,Teclado Mecánico,Bogotá,6,9.0,15.170155680175819,138.67228417002178,33.50652215899184,Retrasado,4.711,-74.0721
PED-00133,2024-02-16,Colombia,Laptop Pro,Medellín,3,4.0,21.823176033948663,328.7667466542175,10.341016900858655,Retrasado,6.2476,-75.5658
PED-00134,2024-01-25,México,Mouse Ergonómico,Guadalajara,9,10.0,38.66169643193646,172.7908714925039,7.182694828533861,Retrasado,20.6597,-103.3496
PED-00135,2024-02-26,Perú,Laptop Pro,Lima,6,5.0,45.87520988112063,296.6764268902727,0.0,A tiempo,-12.0464,-77.0428
PED-00136,2024-03-19,Perú,Laptop Pro,Lima,7,,42.61302501670437,325.9552770361536,0.0,A tiempo,-12.0464,-77.0428
PED-00137,2024-11-17,Colombia,Mouse Ergonómico,Medellín,3,,13.729950791332513,76.62396093615875,30.075888801049665,Retrasado,6.2476,-75.5658
PED-00138,2024-03-22,Chile,Mouse Ergonómico,Valparaíso,7,11.0,70.22590230569482,198.09479651474896,30.847111428448137,Retrasado,-33.0472,-71.6127
PED-00139,2024-12-14,Chile,Laptop Pro,Concepción,9,9.0,62.52540731029231,379.34534609744077,0.0,A tiempo,-36.8201,-73.0444
PED-00140,2024-08-04,Perú,Hub USB-C,Trujillo,7,8.0,42.209805784800146,100.47521738071168,9.638652214288475,Retrasado,-8.115,-79.029
PED-00141,2024-11-01,México,Hub USB-C,Monterrey,7,6.0,52.7242139665361,115.46344919620769,0.0,A tiempo,25.6866,-100.3161
PED-00142,2024-02-02,Chile,Laptop Pro,Valparaíso,9,12.0,54.17465089821295,354.3719039745922,36.877992175099,Retrasado,-33.0472,-71.6127
PED-00143,2024-07-16,Perú,Laptop Pro,Lima,8,10.0,61.91085854773477,294.1144198074357,16.57690576417979,Retrasado,-12.0464,-77.0428
PED-00144,2024-07-14,México,Hub USB-C,CDMX,5,10.0,41.81394973339921,73.73503716801181,57.67444660291238,Retrasado,19.4326,-99.1332
PED-00145,2024-11-01,Colombia,Hub USB-C,Cali,7,6.0,40.92106783982426,134.95959004027532,0.0,A tiempo,3.4516,-76.5319
PED-00146,2024-08-27,México,Teclado Mecánico,Guadalajara,7,7.0,44.52094695793065,103.13756984334681,0.0,A tiempo,20.6597,-103.3496
PED-00147,2024-09-27,Colombia,Hub USB-C,Bogotá,6,7.0,16.641375958313866,107.31977798581042,12.721525048074646,Retrasado,4.711,-74.0721
PED-00148,2024-05-08,Perú,Hub USB-C,Lima,7,9.0,57.24136559314498,66.62914627728138,28.56017483549108,Retrasado,-12.0464,-77.0428
PED-00149,2024-10-10,México,Monitor 4K,Guadalajara,6,6.0,62.907584241224285,31.293114065464152,0.0,A tiempo,20.6597,-103.3496
PED-00150,2024-01-06,Perú,Mouse Ergonómico,Lima,7,6.0,75.87908973530685,109.44569639516405,0.0,A tiempo,-12.0464,-77.0428
PED-00151,2024-12-14,Colombia,Teclado Mecánico,Medellín,3,6.0,18.002747349097866,136.198481659768,28.92799260857819,Retrasado,6.2476,-75.5658
PED-00152,2024-02-28,Chile,Teclado Mecánico,Valparaíso,8,10.0,56.989196850807886,90.96773003695833,28.543496754719776,Retrasado,-33.0472,-71.6127
PED-00153,2024-12-15,Chile,Laptop Pro,Concepción,7,6.0,45.90198756206467,357.45718078235467,0.0,A tiempo,-36.8201,-73.0444
PED-00154,2024-10-01,Colombia,Monitor 4K,Cali,4,8.0,37.83358710524031,71.84334698337821,23.59513120402552,Retrasado,3.4516,-76.5319
PED-00155,2024-05-16,Chile,Mouse Ergonómico,Santiago,7,10.0,35.295104487687496,57.8118218013632,18.957894772614324,Retrasado,-33.4489,-70.6693
PED-00156,2024-11-24,Chile,Teclado Mecánico,Santiago,9,10.0,37.37230224301436,97.31078771215475,9.955091773306382,Retrasado,-33.4489,-70.6693
PED-00157,2024-06-23,México,Hub USB-C,Monterrey,6,7.0,42.24125176833516,96.69629698594838,6.066192728054235,Retrasado,25.6866,-100.3161
PED-00158,2024-02-27,México,Hub USB-C,CDMX,5,,50.78964045668084,130.79874925340891,16.91161746697395,Retrasado,19.4326,-99.1332
PED-00159,2024-05-30,Chile,Hub USB-C,Concepción,8,7.0,43.58918733461645,69.00148703744061,0.0,A tiempo,-36.8201,-73.0444
PED-00160,2024-08-10,México,Mouse Ergonómico,Guadalajara,8,9.0,56.590543439134194,154.7237694725959,11.360403551318859,Retrasado,20.6597,-103.3496
PED-00161,2024-03-21,Colombia,Teclado Mecánico,Bogotá,3,0.0,40.26894618257914,178.67667850033013,0.0,A tiempo,4.711,-74.0721
PED-00162,2024-08-20,México,mouse_ergonómico,Monterrey,6,9.0,55.995775412453554,98.43423892126633,44.90201310883145,Retrasado,25.6866,-100.3161
PED-00163,2024-01-02,México,Laptop Pro,Monterrey,6,4.0,66.18787639660869,349.98841680737274,0.0,A tiempo,25.6866,-100.3161
PED-00164,2024-05-14,México,Laptop Pro,CDMX,5,9.0,54.15826629455343,257.74011717498956,43.96050548458449,Retrasado,19.4326,-99.1332
PED-00165,2024-09-13,Perú,Monitor 4K,Lima,9,9.0,37.83103289659833,143.00886164727663,0.0,A tiempo,-12.0464,-77.0428
PED-00166,2024-04-01,Colombia,Laptop Pro,Cali,3,3.0,43.6337651353834,341.89105634237853,0.0,A tiempo,3.4516,-76.5319
PED-00167,2024-09-16,Chile,Teclado Mecánico,Concepción,7,7.0,43.948437643940025,134.53749120759514,0.0,A tiempo,-36.8201,-73.0444
PED-00168,2024-02-24,Chile,Teclado Mecánico,Concepción,7,7.0,59.1041849968557,99.37747644518824,0.0,A tiempo,-36.8201,-73.0444
PED-00169,2024-11-16,Perú,Teclado Mecánico,Arequipa,8,,65.73734216555107,-18.16995764968125,28.245846411206564,Retrasado,-16.409,-71.5375
PED-00170,2024-06-01,México,Hub USB-C,CDMX,5,0.0,54.566880107303994,74.33091425391483,0.0,A tiempo,19.4326,-99.1332
PED-00171,2024-11-23,Colombia,Hub USB-C,Cali,6,,15.038411868353503,74.96335929261592,23.038411478596675,Retrasado,3.4516,-76.5319
PED-00172,2024-09-16,Colombia,Teclado Mecánico,Medellín,4,5.0,20.817878334902083,60.869802477580905,11.954071485893056,Retrasado,6.2476,-75.5658
PED-00173,2024-11-07,Chile,Laptop Pro,Concepción,7,5.0,63.227444668851355,304.88972018188264,0.0,A tiempo,-36.8201,-73.0444
PED-00174,2024-04-11,Perú,Laptop Pro,Lima,7,6.0,48.308773143571834,283.24146217915063,0.0,A tiempo,-12.0464,-77.0428
PED-00175,2024-03-19,Perú,Monitor 4K,Arequipa,6,11.0,50.79573534942166,67.01551960939912,31.054064912073137,Retrasado,-16.409,-71.5375
PED-00176,2024-07-10,Perú,Mouse Ergonómico,Lima,6,5.0,57.58824416163609,57.64799407008721,0.0,A tiempo,-12.0464,-77.0428
PED-00177,2024-03-23,Perú,Monitor 4K,Lima,6,5.0,56.963228620803235,71.37948058059085,0.0,A tiempo,-12.0464,-77.0428
PED-00178,2024-10-03,Colombia,Mouse Ergonómico,Medellín,5,8.0,32.78799812385461,144.85996847399713,32.164406333592005,Retrasado,6.2476,-75.5658
PED-00179,2024-09-28,México,Laptop Pro,Monterrey,5,6.0,47.91331628779534,273.55899781490024,10.694326830948546,Retrasado,25.6866,-100.3161
PED-00180,2024-01-01,Chile,Teclado Mecánico,Concepción,8,7.0,46.87331554267643,79.4024517426691,0.0,A tiempo,-36.8201,-73.0444
PED-00181,2024-11-02,Colombia,Hub USB-C,Medellín,3,4.0,38.57898825291343,81.73209539907015,6.925299154381395,Retrasado,6.2476,-75.5658
PED-00182,2024-06-14,Perú,Monitor 4K,Arequipa,7,6.0,55.53569531067793,113.55974055237678,0.0,A tiempo,-16.409,-71.5375
PED-00183,2024-09-07,Perú,Monitor 4K,Trujillo,8,11.0,47.4269999938221,118.24997954114131,18.81168796073023,Retrasado,-8.115,-79.029
PED-00184,2024-01-10,Chile,Laptop Pro,Santiago,8,11.0,60.82112312993141,178.2137384302735,18.116213708364313,Retrasado,-33.4489,-70.6693
PED-00185,2024-02-27,México,Mouse Ergonómico,Monterrey,7,9.0,48.70965884870216,140.86540855310432,24.202900751930066,Retrasado,25.6866,-100.3161
PED-00186,2024-07-04,México,Monitor 4K,CDMX,5,6.0,41.48337825665607,157.45472136975016,7.088370204519839,Retrasado,19.4326,-99.1332
PED-00187,2024-06-06,México,Mouse Ergonómico,CDMX,5,10.0,42.410293010966555,57.99253850553322,40.33863756764162,Retrasado,19.4326,-99.1332
PED-00188,2024-05-02,Perú,Monitor 4K,Arequipa,7,7.0,40.21259163690234,61.10807021060661,0.0,A tiempo,-16.409,-71.5375
PED-00189,2024-01-30,Colombia,Teclado Mecánico,Bogotá,5,4.0,27.275899833963127,81.98986448886915,0.0,A tiempo,4.711,-74.0721
PED-00190,2024-05-03,Colombia,Laptop Pro,Bogotá,4,6.0,42.33724278336193,269.75983922173583,24.171582501299984,Retrasado,4.711,-74.0721
PED-00191,2024-10-17,México,Mouse Ergonómico,Guadalajara,6,12.0,41.94904818969491,108.95707495786425,67.40590760660166,Retrasado,20.6597,-103.3496
PED-00192,2024-02-10,Chile,Laptop Pro,Concepción,8,7.0,51.884757610181026,222.13898854564542,0.0,A tiempo,-36.8201,-73.0444
PED-00193,2024-02-13,México,Hub USB-C,Guadalajara,7,7.0,43.43310654372587,55.28289567853041,0.0,A tiempo,20.6597,-103.3496
PED-00194,2024-09-05,México,Laptop Pro,CDMX,5,7.0,47.39690958728563,361.5678880069963,15.852254548469308,Retrasado,19.4326,-99.1332
PED-00195,2024-02-05,Chile,Mouse Ergonómico,Santiago,7,7.0,34.89958788014748,62.871201306079286,0.0,A tiempo,-33.4489,-70.6693
PED-00196,2024-09-29,México,Mouse Ergonómico,Guadalajara,5,4.0,47.79461770843463,149.737131124117,0.0,A tiempo,20.6597,-103.3496
PED-00197,2024-03-05,Chile,Hub USB-C,Valparaíso,7,10.0,48.06294620195038,114.21352782360547,24.223865191005785,Retrasado,-33.0472,-71.6127
PED-00198,2024-03-06,Chile,Hub USB-C,Concepción,8,14.0,55.402879440356955,27.62929141646967,89.0962721382518,Retrasado,-36.8201,-73.0444
PED-00199,2024-12-03,Colombia,Monitor 4K,Medellín,3,4.0,32.232809132553705,125.41316780864825,13.140519264214296,Retrasado,6.2476,-75.5658
PED-00200,2024-08-31,Chile,Mouse Ergonómico,Valparaíso,8,7.0,38.01607875047955,95.29330791228587,0.0,A tiempo,-33.0472,-71.6127
PED-00201,2024-10-08,México,Laptop Pro,CDMX,6,4.0,60.84198244043543,281.7813177500104,0.0,A tiempo,19.4326,-99.1332
PED-00202,2024-03-25,Chile,Hub USB-C,Concepción,7,8.0,52.10303040221996,109.79828372688016,5.427832682472679,Retrasado,-36.8201,-73.0444
PED-00203,2024-05-15,México,Laptop Pro,Monterrey,8,11.0,51.98393517177487,318.9853394226717,22.32190353128776,Retrasado,25.6866,-100.3161
PED-00204,2024-09-27,Chile,Hub USB-C,Concepción,8,10.0,49.90817646614861,128.3036728789848,12.285825716737131,Retrasado,-36.8201,-73.0444
PED-00205,2024-11-06,Colombia,Mouse Ergonómico,Bogotá,3,3.0,24.822425527777803,147.13011390192008,0.0,A tiempo,4.711,-74.0721
PED-00206,2024-08-04,México,Hub USB-C,CDMX,8,8.0,52.17802339748726,116.32543651113426,0.0,A tiempo,19.4326,-99.1332
PED-00207,2024-04-18,México,Mouse Ergonómico,CDMX,6,5.0,54.75588435928582,44.974636448545525,0.0,A tiempo,19.4326,-99.1332
PED-00208,2024-10-03,México,Hub USB-C,Monterrey,5,8.0,32.53104308654445,81.05418169395236,21.46827189246571,Retrasado,25.6866,-100.3161
PED-00209,2024-12-19,Chile,Monitor 4K,Concepción,9,12.0,44.61239162653904,217.72193341074484,26.978977680773575,Retrasado,-36.8201,-73.0444
PED-00210,2024-04-12,Colombia,Hub USB-C,Medellín,5,3.0,27.450530295964107,128.9796424152691,0.0,A tiempo,6.2476,-75.5658
PED-00211,2024-12-31,Colombia,Monitor 4K,Cali,6,10.0,32.56170605694278,194.7714920324599,52.40823398013342,Retrasado,3.4516,-76.5319
PED-00212,2024-06-08,Colombia,Monitor 4K,Medellín,4,6.0,41.93311005927126,155.8173632879674,26.782432062123295,Retrasado,6.2476,-75.5658
PED-00213,2024-07-23,Colombia,Laptop Pro,Bogotá,3,7.0,22.282591854032177,309.67208286222996,56.38873247631104,Retrasado,4.711,-74.0721
PED-00214,2024-12-09,Chile,Mouse Ergonómico,Santiago,8,,45.02038153182158,112.0562827912447,0.0,A tiempo,-33.4489,-70.6693
PED-00215,2024-11-28,México,Hub USB-C,CDMX,5,3.0,44.8746588935345,98.53679840492617,0.0,A tiempo,19.4326,-99.1332
PED-00216,2024-07-10,Perú,Hub USB-C,Arequipa,9,9.0,41.98472409895459,30.487815366140026,0.0,A tiempo,-16.409,-71.5375
PED-00217,2024-08-12,Colombia,Teclado Mecánico,Cali,4,6.0,26.528135048877374,100.72189009872898,21.30577919907964,Retrasado,3.4516,-76.5319
PED-00218,2024-09-21,Perú,Hub USB-C,Lima,6,11.0,57.708022199879714,148.42698210168788,37.43459047355675,Retrasado,-12.0464,-77.0428
PED-00219,2024-08-19,Chile,Mouse Ergonómico,Santiago,10,12.0,39.461645046356544,76.01440020715185,18.63433770053222,Retrasado,-33.4489,-70.6693
PED-00220,2024-03-02,Chile,Mouse Ergonómico,Valparaíso,7,7.0,54.27814395152903,116.47811996247238,0.0,A tiempo,-33.0472,-71.6127
PED-00221,2024-05-06,Perú,Hub USB-C,Lima,7,6.0,32.98097769981665,134.06364183572788,0.0,A tiempo,-12.0464,-77.0428
PED-00222,2024-04-25,México,Monitor 4K,CDMX,6,10.0,44.38662003557794,63.61278242750098,22.08740231187044,Retrasado,19.4326,-99.1332
PED-00223,2024-02-02,Perú,Teclado Mecánico,Arequipa,7,6.0,46.70510699782014,81.9478854262534,0.0,A tiempo,-16.409,-71.5375
PED-00224,2024-06-22,Chile,Mouse Ergonómico,Valparaíso,7,12.0,66.74859672914064,59.283540380913635,26.107976777226078,Retrasado,-33.0472,-71.6127
PED-00225,2024-01-11,Perú,Teclado Mecánico,Lima,6,6.0,47.25197695247312,67.11337573242372,0.0,A tiempo,-12.0464,-77.0428
PED-00226,2024-10-28,Colombia,Teclado Mecánico,Cali,5,9.0,7.987565265490815,48.495788653877554,24.41420226231502,Retrasado,3.4516,-76.5319
PED-00227,2024-10-10,Colombia,Mouse Ergonómico,Cali,3,5.0,10.011110931387503,63.98206154487893,14.789774291402598,Retrasado,3.4516,-76.5319
PED-00228,2024-04-27,México,Monitor 4K,Guadalajara,6,6.0,50.34029586346681,156.77822723191355,0.0,A tiempo,20.6597,-103.3496
PED-00229,2024-10-28,Perú,Monitor 4K,Trujillo,8,8.0,56.13770855789909,63.380918836388304,0.0,A tiempo,-8.115,-79.029
PED-00230,2024-04-22,Perú,Mouse Ergonómico,Trujillo,6,6.0,53.75455857627253,105.0583687624276,0.0,A tiempo,-8.115,-79.029
PED-00231,2024-01-04,Perú,Hub USB-C,Trujillo,8,10.0,51.675701058009906,79.88524985316177,12.548415667187982,Retrasado,-8.115,-79.029
PED-00232,2024-02-06,Perú,hub_usb-c,Arequipa,10,11.0,61.62259597505667,147.15463748147755,10.45562544167758,Retrasado,-16.409,-71.5375
PED-00233,2024-12-28,México,Teclado Mecánico,Guadalajara,5,5.0,44.60408779262868,152.44649186414466,0.0,A tiempo,20.6597,-103.3496
PED-00234,2024-11-19,Chile,Hub USB-C,Valparaíso,9,9.0,58.94910556026825,134.56279928555787,0.0,A tiempo,-33.0472,-71.6127
PED-00235,2024-01-31,México,Teclado Mecánico,Monterrey,6,7.0,33.679851149735825,112.24538212411021,7.960820891354503,Retrasado,25.6866,-100.3161
PED-00236,2024-04-27,Chile,Hub USB-C,Valparaíso,8,4.0,40.95052167061934,90.75761852636406,0.0,A tiempo,-33.0472,-71.6127
PED-00237,2024-02-04,Chile,Monitor 4K,Santiago,8,10.0,31.929586050681838,52.32501183235001,24.297119484008185,Retrasado,-33.4489,-70.6693
PED-00238,2024-01-17,Chile,monitor_4k,Concepción,7,6.0,47.25154699330208,177.7411552448879,0.0,A tiempo,-36.8201,-73.0444
PED-00239,2024-06-18,Perú,Monitor 4K,Trujillo,6,5.0,49.53738782733657,69.61307928989787,0.0,A tiempo,-8.115,-79.029
PED-00240,2024-02-06,México,Hub USB-C,Guadalajara,7,4.0,51.1410149222652,126.54585388131366,0.0,A tiempo,20.6597,-103.3496
PED-00241,2024-09-20,Chile,Teclado Mecánico,Santiago,8,5.0,50.61883352887135,142.3826229049359,0.0,A tiempo,-33.4489,-70.6693
PED-00242,2024-05-01,Colombia,Teclado Mecánico,Medellín,3,1.0,20.724466691882718,77.78878012378682,0.0,A tiempo,6.2476,-75.5658
PED-00243,2024-05-22,Chile,Monitor 4K,Concepción,8,8.0,48.097591555867844,141.52050109263848,0.0,A tiempo,-36.8201,-73.0444
PED-00244,2024-12-08,México,Monitor 4K,CDMX,6,11.0,35.02553331394252,130.56852813355422,57.07851477825499,Retrasado,19.4326,-99.1332
PED-00245,2024-09-05,Perú,Hub USB-C,Lima,7,7.0,63.6322897513225,169.1185534152706,0.0,A tiempo,-12.0464,-77.0428
PED-00246,2024-04-19,Colombia,Hub USB-C,Cali,6,7.0,26.96373927101999,81.22614134293156,5.056521048411847,Retrasado,3.4516,-76.5319
PED-00247,2024-10-03,Chile,Teclado Mecánico,Valparaíso,9,11.0,45.11113880956309,48.565439308811406,29.83994018029702,Retrasado,-33.0472,-71.6127
PED-00248,2024-03-08,Perú,Laptop Pro,Lima,8,9.0,65.88940328444083,279.7804097822196,6.828937723291992,Retrasado,-12.0464,-77.0428
PED-00249,2024-10-19,México,Teclado Mecánico,Monterrey,6,6.0,37.57753466450771,108.35414170137327,0.0,A tiempo,25.6866,-100.3161
PED-00250,2024-10-22,México,Hub USB-C,Monterrey,6,5.0,38.74412885968031,102.32850908340225,0.0,A tiempo,25.6866,-100.3161
PED-00251,2024-08-30,Colombia,Mouse Ergonómico,Cali,3,7.0,19.03779675131435,84.26248414901798,29.001615961767975,Retrasado,3.4516,-76.5319
PED-00252,2024-05-04,Colombia,Hub USB-C,Cali,6,11.0,29.32128618300518,23.632101640910278,48.839761195019165,Retrasado,3.4516,-76.5319
PED-00253,2024-08-30,Chile,Hub USB-C,Concepción,7,4.0,54.31631629637597,118.81931984516426,0.0,A tiempo,-36.8201,-73.0444
PED-00254,2024-07-27,Perú,Mouse Ergonómico,Arequipa,6,5.0,57.39675468117834,178.893779163288,0.0,A tiempo,-16.409,-71.5375
PED-00255,2024-04-07,Perú,Hub USB-C,Arequipa,7,7.0,75.7199531749497,118.57004952492014,0.0,A tiempo,-16.409,-71.5375
PED-00256,2024-02-18,México,Teclado Mecánico,CDMX,6,5.0,27.50567545799236,124.36542076214054,0.0,A tiempo,19.4326,-99.1332
PED-00257,2024-02-19,México,Mouse Ergonómico,CDMX,8,10.0,56.08735589124417,122.89781224620407,17.46928433585444,Retrasado,19.4326,-99.1332
PED-00258,2024-12-03,Chile,Laptop Pro,Santiago,7,7.0,44.42869427427769,315.881866795296,0.0,A tiempo,-33.4489,-70.6693
PED-00259,2024-08-08,Chile,Hub USB-C,Concepción,9,15.0,44.135848511112265,137.2666386747238,89.68878175822634,Retrasado,-36.8201,-73.0444
PED-00260,2024-06-30,México,Laptop Pro,Monterrey,9,12.0,43.80227871746122,315.81494724742663,18.44358835981837,Retrasado,25.6866,-100.3161
PED-00261,2024-08-04,México,Laptop Pro,Monterrey,7,8.0,40.91230329192027,287.492913213869,12.259687793283472,Retrasado,25.6866,-100.3161
PED-00262,2024-07-29,Perú,Mouse Ergonómico,Arequipa,6,9.0,66.84524834603451,68.16044359964984,16.552364390073034,Retrasado,-16.409,-71.5375
PED-00263,2024-08-27,Perú,Monitor 4K,Lima,6,9.0,58.422973270139025,90.04105378877298,15.90576046011566,Retrasado,-12.0464,-77.0428
PED-00264,2024-01-28,Perú,Laptop Pro,Trujillo,7,7.0,50.23195978557375,312.5651798580266,0.0,A tiempo,-8.115,-79.029
PED-00265,2024-12-10,Chile,Laptop Pro,Concepción,8,7.0,63.51015752487,287.3566815550811,0.0,A tiempo,-36.8201,-73.0444
PED-00266,2024-11-30,Perú,Monitor 4K,Arequipa,7,8.0,34.874710347011245,112.57354732525722,14.408635478946973,Retrasado,-16.409,-71.5375
PED-00267,2024-11-26,Colombia,Teclado Mecánico,Medellín,6,9.0,16.692948686690738,117.5660053480167,20.817834608420412,Retrasado,6.2476,-75.5658
PED-00268,2024-02-20,Colombia,Monitor 4K,Medellín,4,5.0,8.220322678053122,133.32717725080727,6.616723355537115,Retrasado,6.2476,-75.5658
PED-00269,2024-02-01,Perú,Teclado Mecánico,Arequipa,6,4.0,43.00585459876712,151.31179875355923,0.0,A tiempo,-16.409,-71.5375
PED-00270,2024-07-25,Perú,Teclado Mecánico,Lima,11,10.0,51.61698526704753,103.1202967391543,0.0,A tiempo,-12.0464,-77.0428
PED-00271,2024-06-22,México,Monitor 4K,CDMX,7,7.0,51.02858577932334,47.68893739409357,0.0,A tiempo,19.4326,-99.1332
PED-00272,2024-02-25,México,Laptop Pro,Monterrey,6,6.0,51.49341911059881,286.1958361272324,0.0,A tiempo,25.6866,-100.3161
PED-00273,2024-05-07,Chile,Teclado Mecánico,Santiago,9,14.0,35.88943168933918,101.76250269626398,62.831139404497264,Retrasado,-33.4489,-70.6693
PED-00274,2024-04-08,Colombia,Monitor 4K,Medellín,5,3.0,38.03154742614022,26.56924975291639,0.0,A tiempo,6.2476,-75.5658
PED-00275,2024-04-07,Colombia,Hub USB-C,Medellín,3,5.0,32.39627518238998,155.54658080409928,28.442626510588205,Retrasado,6.2476,-75.5658
PED-00276,2024-10-01,Chile,Laptop Pro,Valparaíso,8,12.0,57.330542814659985,305.69511650041864,46.26890825826922,Retrasado,-33.0472,-71.6127
PED-00277,2024-08-17,Perú,Teclado Mecánico,Lima,8,14.0,31.07237822409948,115.2541133832114,56.181071658216695,Retrasado,-12.0464,-77.0428
PED-00278,2024-03-12,Perú,Mouse Ergonómico,Arequipa,7,7.0,53.1149085879779,154.62105850105064,0.0,A tiempo,-16.409,-71.5375
PED-00279,2024-08-04,Chile,Laptop Pro,Valparaíso,8,10.0,38.12234760082473,274.7942867943061,26.358292520933297,Retrasado,-33.0472,-71.6127
PED-00280,2024-04-03,Colombia,Hub USB-C,Cali,3,5.0,26.02676747448638,122.96167723536121,15.809632112178873,Retrasado,3.4516,-76.5319
PED-00281,2024-05-22,Colombia,Hub USB-C,Cali,3,4.0,35.34364898636383,95.60543507592257,8.397145438360845,Retrasado,3.4516,-76.5319
PED-00282,2024-08-24,Perú,Monitor 4K,Lima,8,8.0,50.91093606255913,92.63652531936323,0.0,A tiempo,-12.0464,-77.0428
PED-00283,2024-07-05,México,Hub USB-C,Guadalajara,5,7.0,41.48460020220681,69.11230448782483,13.294820767265438,Retrasado,20.6597,-103.3496
PED-00284,2024-02-08,Chile,Mouse Ergonómico,Santiago,7,2.0,50.06273156184418,166.6241285474611,0.0,A tiempo,-33.4489,-70.6693
PED-00285,2024-08-14,Chile,Monitor 4K,Valparaíso,7,9.0,34.68464684756357,84.97999839697717,19.081106452190983,Retrasado,-33.0472,-71.6127
PED-00286,2024-10-08,Perú,Hub USB-C,Trujillo,6,7.0,61.50267395898296,127.97856987582809,13.012099002436289,Retrasado,-8.115,-79.029
PED-00287,2024-02-20,Chile,teclado_mecánico,Santiago,8,8.0,47.94715980503749,24.99970450112255,0.0,A tiempo,-33.4489,-70.6693
PED-00288,2024-01-26,Colombia,Laptop Pro,Medellín,5,11.0,41.18549944255326,347.1995411875915,85.17183773476995,Retrasado,6.2476,-75.5658
PED-00289,2024-11-29,Perú,Mouse Ergonómico,Trujillo,8,8.0,44.73468312903957,142.08844623828236,0.0,A tiempo,-8.115,-79.029
PED-00290,2024-10-03,Colombia,Mouse Ergonómico,Cali,6,6.0,24.76424011593417,103.89736441189213,0.0,A tiempo,3.4516,-76.5319
PED-00291,2024-01-08,México,Mouse Ergonómico,CDMX,7,12.0,42.35813213362154,90.92230135448303,54.4344487168008,Retrasado,19.4326,-99.1332
PED-00292,2024-02-17,Chile,Teclado Mecánico,Valparaíso,9,8.0,58.76173931693076,116.00000022454266,0.0,A tiempo,-33.0472,-71.6127
PED-00293,2024-05-01,Chile,Hub USB-C,Concepción,7,7.0,42.905688426715244,191.55162643521157,0.0,A tiempo,-36.8201,-73.0444
PED-00294,2024-03-26,Colombia,Laptop Pro,Medellín,4,4.0,36.445954324151764,229.4705320438606,0.0,A tiempo,6.2476,-75.5658
PED-00295,2024-07-27,Perú,Laptop Pro,Arequipa,6,9.0,46.1754760233071,331.2810955029651,15.368719834670127,Retrasado,-16.409,-71.5375
PED-00296,2024-09-05,Perú,teclado_mecánico,Trujillo,6,7.0,30.240367001083804,63.535307913843894,10.936525794468103,Retrasado,-8.115,-79.029
PED-00297,2024-09-03,Chile,Monitor 4K,Valparaíso,7,5.0,44.29685932213534,99.20326414801075,0.0,A tiempo,-33.0472,-71.6127
PED-00298,2024-04-19,Colombia,Hub USB-C,Bogotá,3,3.0,18.208917856371517,90.08479523685348,0.0,A tiempo,4.711,-74.0721
PED-00299,2024-07-24,México,Mouse Ergonómico,Guadalajara,5,5.0,50.33902723682338,82.86726968808978,0.0,A tiempo,20.6597,-103.3496
PED-00300,2024-01-31,Colombia,Monitor 4K,Bogotá,4,4.0,18.095922643255097,99.58139483789083,0.0,A tiempo,4.711,-74.0721
PED-00301,2024-03-25,Perú,Teclado Mecánico,Trujillo,6,8.0,59.259751007146164,54.63315418888838,28.060021703029925,Retrasado,-8.115,-79.029
PED-00302,2024-07-13,Chile,Hub USB-C,Santiago,9,11.0,49.08924139646973,141.1672174451187,26.281365747733613,Retrasado,-33.4489,-70.6693
PED-00303,2024-01-02,Chile,Hub USB-C,Valparaíso,7,4.0,48.22404005241261,28.23425955205599,0.0,A tiempo,-33.0472,-71.6127
PED-00304,2024-07-18,Chile,Hub USB-C,Valparaíso,7,10.0,56.558921377875826,121.59058051313369,44.20579655511756,Retrasado,-33.0472,-71.6127
PED-00305,2024-05-15,México,Monitor 4K,CDMX,5,6.0,59.639069340758624,86.93856589861716,7.87937748171415,Retrasado,19.4326,-99.1332
PED-00306,2024-08-20,México,Monitor 4K,Monterrey,5,9.0,49.79901248230348,53.16300424770185,55.57218895312874,Retrasado,25.6866,-100.3161
PED-00307,2024-05-26,Perú,Teclado Mecánico,Lima,6,8.0,42.28799700450709,108.09533482394781,27.61497154148379,Retrasado,-12.0464,-77.0428
PED-00308,2024-08-04,Colombia,Mouse Ergonómico,Cali,3,6.0,12.260303838878706,37.72195653174088,37.72972849808917,Retrasado,3.4516,-76.5319
PED-00309,2024-12-22,Colombia,Monitor 4K,Cali,3,5.0,23.1395024296482,101.58855286878538,21.26940947625704,Retrasado,3.4516,-76.5319
PED-00310,2024-10-11,Colombia,Laptop Pro,Medellín,3,7.0,23.827877533520386,243.0849236875378,24.800109984675522,Retrasado,6.2476,-75.5658
PED-00311,2024-12-04,México,Monitor 4K,Monterrey,6,8.0,51.070574529922965,118.45088337271325,20.639434689929963,Retrasado,25.6866,-100.3161
PED-00312,2024-09-06,Chile,Monitor 4K,Concepción,7,7.0,46.54853118861973,63.025706654784976,0.0,A tiempo,-36.8201,-73.0444
PED-00313,2024-03-20,Perú,Hub USB-C,Arequipa,7,,56.87932972051428,81.96023931882763,77.5330219893211,Retrasado,-16.409,-71.5375
PED-00314,2024-04-07,Perú,Laptop Pro,Trujillo,6,9.0,43.87016728729311,311.7579755177265,37.74387619490534,Retrasado,-8.115,-79.029
PED-00315,2024-05-31,México,Mouse Ergonómico,Guadalajara,7,9.0,49.42958833147058,69.09831552631056,28.212250147452103,Retrasado,20.6597,-103.3496
PED-00316,2024-04-21,México,Laptop Pro,CDMX,7,5.0,61.839874431968894,297.6814400132679,0.0,A tiempo,19.4326,-99.1332
PED-00317,2024-01-30,Chile,Mouse Ergonómico,Santiago,7,5.0,53.418252139549665,39.44677995020585,0.0,A tiempo,-33.4489,-70.6693
PED-00318,2024-10-23,Chile,Teclado Mecánico,Concepción,9,10.0,49.39962458311435,125.23502414384623,14.384620531246687,Retrasado,-36.8201,-73.0444
PED-00319,2024-10-04,México,Hub USB-C,Guadalajara,5,6.0,43.98055558064823,170.59655222203085,12.893004491081502,Retrasado,20.6597,-103.3496
PED-00320,2024-02-01,Perú,Teclado Mecánico,Lima,7,7.0,43.66768603285023,211.68835471639846,0.0,A tiempo,-12.0464,-77.0428
PED-00321,2024-06-09,Chile,Monitor 4K,Concepción,8,9.0,41.493867470480524,103.64672586665756,5.812791048408878,Retrasado,-36.8201,-73.0444
PED-00322,2024-01-30,Chile,Monitor 4K,Concepción,8,12.0,44.589931342171006,131.52816563188748,20.833809592308032,Retrasado,-36.8201,-73.0444
PED-00323,2024-01-26,Perú,Hub USB-C,Trujillo,6,8.0,57.55665838744314,28.77497308370043,22.57490451656142,Retrasado,-8.115,-79.029
PED-00324,2024-10-26,Chile,Teclado Mecánico,Valparaíso,7,6.0,47.781117287077315,160.10937305222353,0.0,A tiempo,-33.0472,-71.6127
PED-00325,2024-09-01,Perú,Laptop Pro,Lima,8,8.0,36.502269306187685,331.04914018896426,0.0,A tiempo,-12.0464,-77.0428
PED-00326,2024-09-14,Colombia,Teclado Mecánico,Cali,4,3.0,47.68169293059783,80.64266220195069,0.0,A tiempo,3.4516,-76.5319
PED-00327,2024-09-28,Chile,Mouse Ergonómico,Concepción,8,8.0,53.19965191145163,149.48723201156037,0.0,A tiempo,-36.8201,-73.0444
PED-00328,2024-03-21,Chile,Monitor 4K,Valparaíso,7,7.0,35.9305659948683,89.82095693418634,0.0,A tiempo,-33.0472,-71.6127
PED-00329,2024-01-30,Colombia,Laptop Pro,Medellín,3,3.0,25.581510727591763,281.6789926794177,0.0,A tiempo,6.2476,-75.5658
PED-00330,2024-09-17,Perú,Monitor 4K,Trujillo,7,5.0,51.10886382828418,119.01339701709965,0.0,A tiempo,-8.115,-79.029
PED-00331,2024-02-11,Chile,Teclado Mecánico,Santiago,7,7.0,67.04592093297377,57.465820006787254,0.0,A tiempo,-33.4489,-70.6693
PED-00332,2024-04-05,Colombia,Hub USB-C,Medellín,3,,18.918875417411307,140.86499057599792,0.0,A tiempo,6.2476,-75.5658
PED-00333,2024-02-05,Perú,Laptop Pro,Lima,6,0.0,59.760407193559466,257.76040752292624,0.0,A tiempo,-12.0464,-77.0428
PED-00334,2024-10-31,Chile,Hub USB-C,Valparaíso,7,13.0,63.99486426972343,57.997808407072554,81.37795960296702,Retrasado,-33.0472,-71.6127
PED-00335,2024-02-04,México,Teclado Mecánico,Monterrey,7,10.0,43.7134569492543,63.612408463666625,29.718290649352184,Retrasado,25.6866,-100.3161
PED-00336,2024-12-11,Colombia,Mouse Ergonómico,Bogotá,5,5.0,27.224863811397665,130.38000150064488,0.0,A tiempo,4.711,-74.0721
PED-00337,2024-04-30,Perú,Hub USB-C,Trujillo,7,8.0,39.6369075262623,75.32898553921169,6.69723439747873,Retrasado,-8.115,-79.029
PED-00338,2024-07-25,México,Hub USB-C,CDMX,6,5.0,47.96538858919695,46.08016862531325,0.0,A tiempo,19.4326,-99.1332
PED-00339,2024-03-02,Perú,Teclado Mecánico,Trujillo,6,11.0,49.63410025657069,75.77280000256808,60.91189974906421,Retrasado,-8.115,-79.029
PED-00340,2024-10-18,México,Laptop Pro,Guadalajara,5,10.0,56.59649998082371,298.7183051727805,30.55486044229952,Retrasado,20.6597,-103.3496
PED-00341,2024-05-06,México,Teclado Mecánico,Monterrey,5,6.0,60.90183471020447,52.76110065342458,7.438390996959404,Retrasado,25.6866,-100.3161
PED-00342,2024-10-23,Colombia,Hub USB-C,Medellín,5,8.0,22.51903935378353,53.93275563862626,23.9362899456838,Retrasado,6.2476,-75.5658
PED-00343,2024-10-31,Colombia,Monitor 4K,Medellín,5,6.0,10.326749357740056,184.4518533639834,10.603798601367682,Retrasado,6.2476,-75.5658
PED-00344,2024-01-21,México,Monitor 4K,Guadalajara,5,3.0,49.78755220723758,65.57738384744452,0.0,A tiempo,20.6597,-103.3496
PED-00345,2024-11-13,Colombia,Hub USB-C,Cali,3,3.0,32.935375299686406,87.07830524907973,0.0,A tiempo,3.4516,-76.5319
PED-00346,2024-02-11,Perú,Laptop Pro,Lima,6,7.0,52.49417687685042,285.3105199680286,5.556386593287027,Retrasado,-12.0464,-77.0428
PED-00347,2024-08-02,Chile,Hub USB-C,Santiago,7,7.0,46.73326752490956,83.14572768918232,0.0,A tiempo,-33.4489,-70.6693
PED-00348,2024-12-02,Perú,Monitor 4K,Lima,6,6.0,51.247520996639345,124.85386959876409,0.0,A tiempo,-12.0464,-77.0428
PED-00349,2024-10-25,México,Mouse Ergonómico,CDMX,5,5.0,65.15444808352248,137.92571801888198,0.0,A tiempo,19.4326,-99.1332
PED-00350,2024-10-16,Perú,Hub USB-C,Trujillo,6,6.0,53.817341689625096,87.76182273873631,0.0,A tiempo,-8.115,-79.029
PED-00351,2024-09-24,México,Hub USB-C,Guadalajara,6,7.0,46.26631574996915,50.54086853630604,5.6702807903752275,Retrasado,20.6597,-103.3496
PED-00352,2024-06-10,Perú,Mouse Ergonómico,Lima,7,6.0,44.99802182904004,150.97760911395613,0.0,A tiempo,-12.0464,-77.0428
PED-00353,2024-05-13,Perú,Laptop Pro,Lima,7,7.0,48.301476423222695,296.1863563521327,0.0,A tiempo,-12.0464,-77.0428
PED-00354,2024-04-14,Colombia,Teclado Mecánico,Cali,5,3.0,46.36739961830639,169.21287259428675,0.0,A tiempo,3.4516,-76.5319
PED-00355,2024-12-08,México,Monitor 4K,CDMX,6,9.0,48.166992904738024,10.17656409739348,16.951378732114218,Retrasado,19.4326,-99.1332
PED-00356,2024-06-09,México,Monitor 4K,Monterrey,5,1.0,49.80205655479292,107.8161288513328,0.0,A tiempo,25.6866,-100.3161
PED-00357,2024-05-02,Chile,Teclado Mecánico,Concepción,9,12.0,45.17686429063697,176.74425335504833,35.43517651318515,Retrasado,-36.8201,-73.0444
PED-00358,2024-05-15,Perú,Teclado Mecánico,Arequipa,7,11.0,60.98983357441965,85.86943458247367,36.69824284374966,Retrasado,-16.409,-71.5375
PED-00359,2024-07-21,Perú,Teclado Mecánico,Arequipa,7,7.0,69.59837254744676,90.98026306661455,0.0,A tiempo,-16.409,-71.5375
PED-00360,2024-03-08,Chile,Teclado Mecánico,Concepción,7,2.0,54.50613049431388,111.82046766361356,0.0,A tiempo,-36.8201,-73.0444
PED-00361,2024-12-09,México,Monitor 4K,Guadalajara,6,6.0,50.827729037854255,77.64816724460171,0.0,A tiempo,20.6597,-103.3496
PED-00362,2024-11-26,Perú,Hub USB-C,Arequipa,6,6.0,50.367828331742345,87.51712271789069,0.0,A tiempo,-16.409,-71.5375
PED-00363,2024-06-02,Chile,Hub USB-C,Santiago,7,6.0,26.15693211214254,86.48739623234388,0.0,A tiempo,-33.4489,-70.6693
PED-00364,2024-08-22,Chile,Mouse Ergonómico,Santiago,8,8.0,57.451508642848175,74.90317062294507,0.0,A tiempo,-33.4489,-70.6693
PED-00365,2024-06-10,Chile,Hub USB-C,Concepción,8,12.0,51.341664159958434,149.15426200802239,57.06228460567352,Retrasado,-36.8201,-73.0444
PED-00366,2024-02-07,Perú,laptop_pro,Arequipa,7,9.0,54.28342050660725,318.4431212918574,22.06615756777886,Retrasado,-16.409,-71.5375
PED-00367,2024-01-05,México,Laptop Pro,Monterrey,5,4.0,42.88537805916295,310.0251292841321,0.0,A tiempo,25.6866,-100.3161
PED-00368,2024-08-22,México,Teclado Mecánico,Guadalajara,5,3.0,46.15543121022908,132.34284027560466,0.0,A tiempo,20.6597,-103.3496
PED-00369,2024-11-14,Chile,Mouse Ergonómico,Concepción,7,7.0,45.88975063496827,89.42576667186133,0.0,A tiempo,-36.8201,-73.0444
PED-00370,2024-10-15,Chile,Monitor 4K,Valparaíso,7,7.0,60.21622984073039,69.03184726588398,0.0,A tiempo,-33.0472,-71.6127
PED-00371,2024-02-21,México,Hub USB-C,Monterrey,6,8.0,46.212401633969066,75.8950278154177,27.481131262779577,Retrasado,25.6866,-100.3161
PED-00372,2024-02-07,Chile,Hub USB-C,Concepción,8,8.0,70.82660322109797,100.07132164418435,0.0,A tiempo,-36.8201,-73.0444
PED-00373,2024-10-02,Chile,Monitor 4K,Valparaíso,9,11.0,54.308624190150375,57.63153166508392,14.893723762465452,Retrasado,-33.0472,-71.6127
PED-00374,2024-04-19,México,Laptop Pro,CDMX,6,11.0,37.243173400042686,279.989559336533,67.1124792599617,Retrasado,19.4326,-99.1332
PED-00375,2024-09-16,Perú,Teclado Mecánico,Trujillo,6,9.0,48.71453706748043,79.35533432514262,39.690849263872934,Retrasado,-8.115,-79.029
PED-00376,2024-05-15,Chile,Mouse Ergonómico,Santiago,10,10.0,43.48324877843584,184.98224919316056,0.0,A tiempo,-33.4489,-70.6693
PED-00377,2024-03-08,Perú,Laptop Pro,Trujillo,8,8.0,28.056175301799758,189.04740240264334,0.0,A tiempo,-8.115,-79.029
PED-00378,2024-06-27,Chile,Mouse Ergonómico,Concepción,7,7.0,65.9947094011379,92.81521114377468,0.0,A tiempo,-36.8201,-73.0444
PED-00379,2024-02-05,Chile,Teclado Mecánico,Valparaíso,9,,57.03142542220004,169.02775171259083,23.880736545618312,Retrasado,-33.0472,-71.6127
PED-00380,2024-05-05,Chile,Hub USB-C,Santiago,7,7.0,55.33207317899313,104.87377856529815,0.0,A tiempo,-33.4489,-70.6693
PED-00381,2024-08-07,Colombia,Teclado Mecánico,Medellín,4,5.0,31.654036602997042,130.13669893684371,5.041271546746039,Retrasado,6.2476,-75.5658
PED-00382,2024-05-25,Perú,Laptop Pro,Lima,6,7.0,36.17982431307563,303.9930526039907,5.210248072196022,Retrasado,-12.0464,-77.0428
PED-00383,2024-03-21,Perú,Hub USB-C,Arequipa,6,6.0,45.163828604445634,73.30666475134079,0.0,A tiempo,-16.409,-71.5375
PED-00384,2024-08-12,Chile,Teclado Mecánico,Concepción,9,7.0,58.41780774784013,10.323362619643476,0.0,A tiempo,-36.8201,-73.0444
PED-00385,2024-10-05,México,Hub USB-C,CDMX,5,6.0,39.487799702174975,108.21822748145212,11.898412834359643,Retrasado,19.4326,-99.1332
PED-00386,2024-12-26,Chile,Hub USB-C,Santiago,8,8.0,24.682306837491865,68.97573581590436,0.0,A tiempo,-33.4489,-70.6693
PED-00387,2024-06-03,Colombia,Mouse Ergonómico,Cali,4,6.0,27.72893992219074,67.98658375338785,11.54971594900983,Retrasado,3.4516,-76.5319
PED-00388,2024-11-09,Chile,Mouse Ergonómico,Concepción,8,,48.58242445972461,80.04050976083553,0.0,A tiempo,-36.8201,-73.0444
PED-00389,2024-11-30,Colombia,Laptop Pro,Medellín,3,7.0,31.35563416414709,369.79445626493975,35.52197080233657,Retrasado,6.2476,-75.5658
PED-00390,2024-09-27,Chile,Teclado Mecánico,Santiago,9,8.0,57.28518643514536,196.1935016901589,0.0,A tiempo,-33.4489,-70.6693
PED-00391,2024-01-05,Perú,Monitor 4K,Arequipa,7,12.0,56.37605812231209,108.68831750113604,64.61111736219642,Retrasado,-16.409,-71.5375
PED-00392,2024-12-07,Chile,Teclado Mecánico,Santiago,9,6.0,52.587698052439215,81.40931104353089,0.0,A tiempo,-33.4489,-70.6693
PED-00393,2024-10-10,Perú,Hub USB-C,Lima,6,8.0,61.955313880867095,52.91094330195158,11.868637336849986,Retrasado,-12.0464,-77.0428
PED-00394,2024-06-02,México,Laptop Pro,Monterrey,7,9.0,34.81030219186685,318.74160646184276,19.6868580454425,Retrasado,25.6866,-100.3161
PED-00395,2024-12-05,México,Laptop Pro,Guadalajara,5,5.0,55.045818144773904,371.31622400260574,0.0,A tiempo,20.6597,-103.3496
PED-00396,2024-02-23,Chile,Monitor 4K,Concepción,9,11.0,56.265383633369424,90.10638451899374,12.578746108396343,Retrasado,-36.8201,-73.0444
PED-00397,2024-03-09,Chile,Hub USB-C,Valparaíso,9,13.0,37.6043771391976,4.840158369871034,29.58439328112821,Retrasado,-33.0472,-71.6127
PED-00398,2024-05-15,México,Hub USB-C,Guadalajara,5,1.0,34.971293913176105,126.80198687262094,0.0,A tiempo,20.6597,-103.3496
PED-00399,2024-02-29,Colombia,Laptop Pro,Medellín,3,5.0,22.540578735243987,339.41598845800195,28.49225064665944,Retrasado,6.2476,-75.5658
PED-00400,2024-02-24,México,Laptop Pro,Guadalajara,6,1.0,43.38458557484708,236.5661743845661,0.0,A tiempo,20.6597,-103.3496
PED-00401,2024-10-10,México,Monitor 4K,Monterrey,8,7.0,57.534194635024306,107.05936734651812,0.0,A tiempo,25.6866,-100.3161
PED-00402,2024-03-20,Colombia,Monitor 4K,Medellín,4,9.0,23.85461216308905,118.04904064544395,38.622322055441586,Retrasado,6.2476,-75.5658
PED-00403,2024-05-19,México,Mouse Ergonómico,Monterrey,6,6.0,41.43651481718796,97.07570791964245,0.0,A tiempo,25.6866,-100.3161
PED-00404,2024-05-24,México,Laptop Pro,Monterrey,6,5.0,43.883662633054406,268.36916323658585,0.0,A tiempo,25.6866,-100.3161
PED-00405,2024-11-05,Colombia,Monitor 4K,Cali,3,3.0,41.18632334154212,140.63748894254223,0.0,A tiempo,3.4516,-76.5319
PED-00406,2024-04-17,Colombia,Hub USB-C,Bogotá,3,9.0,30.130433743769522,83.86481016125269,37.894242712735576,Retrasado,4.711,-74.0721
PED-00407,2024-06-24,Perú,Mouse Ergonómico,Trujillo,8,5.0,48.20748974643088,40.592553492002715,0.0,A tiempo,-8.115,-79.029
PED-00408,2024-04-14,Chile,Laptop Pro,Santiago,9,8.0,48.899945012989484,218.02102057321275,0.0,A tiempo,-33.4489,-70.6693
PED-00409,2024-12-17,Perú,Monitor 4K,Arequipa,6,10.0,62.92060334326523,150.4339807999724,53.28903134015622,Retrasado,-16.409,-71.5375
PED-00410,2024-11-20,Colombia,Laptop Pro,Bogotá,3,8.0,22.508282733967583,324.6665590588447,67.31743899332116,Retrasado,4.711,-74.0721
PED-00411,2024-05-15,México,Mouse Ergonómico,CDMX,7,7.0,63.15508290940104,103.51894188516675,0.0,A tiempo,19.4326,-99.1332
PED-00412,2024-09-15,Colombia,Teclado Mecánico,Cali,5,3.0,32.10496298921504,82.38901452596787,0.0,A tiempo,3.4516,-76.5319
PED-00413,2024-09-07,México,Laptop Pro,Monterrey,6,12.0,48.395806180246524,278.8400634318749,60.66028581267522,Retrasado,25.6866,-100.3161
PED-00414,2024-05-08,Perú,Laptop Pro,Arequipa,7,11.0,75.00900497934282,256.97053406233556,56.5525919334485,Retrasado,-16.409,-71.5375
PED-00415,2024-01-27,Perú,Laptop Pro,Arequipa,9,11.0,39.44360510201403,282.7417742176046,29.35624273983046,Retrasado,-16.409,-71.5375
PED-00416,2024-02-17,Perú,laptop_pro,Lima,8,7.0,46.46314240432994,215.19651139519303,0.0,A tiempo,-12.0464,-77.0428
PED-00417,2024-11-20,México,Monitor 4K,Monterrey,6,6.0,37.67568760835999,70.55745386125943,0.0,A tiempo,25.6866,-100.3161
PED-00418,2024-04-08,Chile,Teclado Mecánico,Concepción,8,8.0,59.524619705361694,87.56249934595624,0.0,A tiempo,-36.8201,-73.0444
PED-00419,2024-05-21,Chile,Hub USB-C,Santiago,10,11.0,66.89188933651678,124.39520188761676,10.481200649818184,Retrasado,-33.4489,-70.6693
PED-00420,2024-01-23,Chile,Laptop Pro,Santiago,9,13.0,66.6992278140464,298.40294146506545,38.12059001520754,Retrasado,-33.4489,-70.6693
PED-00421,2024-01-02,Colombia,Hub USB-C,Bogotá,6,9.0,42.23948753146004,131.79692455502237,41.33275026578199,Retrasado,4.711,-74.0721
PED-00422,2024-06-19,Colombia,Monitor 4K,Bogotá,4,3.0,28.023795322040343,153.96540420453718,0.0,A tiempo,4.711,-74.0721
PED-00423,2024-03-07,México,Teclado Mecánico,Guadalajara,5,9.0,46.347590225101534,142.32680375296405,30.309602452460744,Retrasado,20.6597,-103.3496
PED-00424,2024-11-22,Colombia,Mouse Ergonómico,Bogotá,4,5.0,13.288302275059351,118.82039389514227,12.517989445187085,Retrasado,4.711,-74.0721
PED-00425,2024-05-14,México,Mouse Ergonómico,CDMX,5,7.0,70.35873535181793,100.47450716723137,11.899732899546242,Retrasado,19.4326,-99.1332
PED-00426,2024-03-23,Perú,Mouse Ergonómico,Trujillo,7,,54.68978078148468,60.76847966345763,32.83057656086801,Retrasado,-8.115,-79.029
PED-00427,2024-08-14,México,Mouse Ergonómico,Monterrey,6,5.0,45.08043095130517,129.59776205517267,0.0,A tiempo,25.6866,-100.3161
PED-00428,2024-10-09,Colombia,Mouse Ergonómico,Cali,3,3.0,43.28056888986968,167.18989528886118,0.0,A tiempo,3.4516,-76.5319
PED-00429,2024-12-27,Perú,Teclado Mecánico,Arequipa,7,7.0,40.27235483239999,113.68424158601673,0.0,A tiempo,-16.409,-71.5375
PED-00430,2024-08-06,Perú,Laptop Pro,Lima,6,4.0,54.06622034222674,376.69036593704493,0.0,A tiempo,-12.0464,-77.0428
PED-00431,2024-10-14,México,Mouse Ergonómico,CDMX,6,7.0,48.27370865709165,38.97713167755665,9.475422354662744,Retrasado,19.4326,-99.1332
PED-00432,2024-01-05,Chile,Laptop Pro,Santiago,7,14.0,56.386771398803006,253.83346460881836,99.19151983163896,Retrasado,-33.4489,-70.6693
PED-00433,2024-02-27,Colombia,Hub USB-C,Cali,4,1.0,29.364264608138786,134.2080603099305,0.0,A tiempo,3.4516,-76.5319
PED-00434,2024-02-08,Colombia,Laptop Pro,Medellín,4,4.0,15.490721088887758,310.57160840613005,0.0,A tiempo,6.2476,-75.5658
PED-00435,2024-12-19,Chile,Hub USB-C,Valparaíso,8,10.0,50.75576372670038,152.5512870628723,12.836576573753497,Retrasado,-33.0472,-71.6127
PED-00436,2024-03-17,Colombia,Laptop Pro,Cali,3,4.0,40.48864141875362,299.3811343709304,5.037450947112848,Retrasado,3.4516,-76.5319
PED-00437,2024-10-06,Chile,Hub USB-C,Concepción,8,8.0,49.70783594146015,65.28098309886673,0.0,A tiempo,-36.8201,-73.0444
PED-00438,2024-01-19,Chile,Laptop Pro,Valparaíso,8,6.0,57.75115121589086,291.4562703117983,0.0,A tiempo,-33.0472,-71.6127
PED-00439,2024-07-08,Perú,Laptop Pro,Trujillo,7,8.0,39.54470514325947,238.69264116305064,8.917277636311782,Retrasado,-8.115,-79.029
PED-00440,2024-10-25,Perú,Teclado Mecánico,Lima,8,8.0,49.73739206730148,54.856373076118615,0.0,A tiempo,-12.0464,-77.0428
PED-00441,2024-09-10,México,Hub USB-C,Monterrey,5,1.0,43.75489544911423,138.89775991672042,0.0,A tiempo,25.6866,-100.3161
PED-00442,2024-03-16,Perú,Laptop Pro,Trujillo,7,10.0,57.469808401047096,334.9114965787844,20.256728770983457,Retrasado,-8.115,-79.029
PED-00443,2024-08-08,Chile,Teclado Mecánico,Valparaíso,8,11.0,50.31491562261996,114.52017139224307,38.24164867828025,Retrasado,-33.0472,-71.6127
PED-00444,2024-03-06,México,Teclado Mecánico,Guadalajara,5,6.0,56.900736763366126,31.156899161581222,14.467911722816206,Retrasado,20.6597,-103.3496
PED-00445,2024-01-22,Colombia,Hub USB-C,Medellín,3,4.0,40.87710426157866,85.66385697948446,6.0044041786196605,Retrasado,6.2476,-75.5658
PED-00446,2024-06-06,Chile,Laptop Pro,Valparaíso,8,11.0,56.91618575121388,251.00000445359797,19.667709731550236,Retrasado,-33.0472,-71.6127
PED-00447,2024-07-05,México,teclado_mecánico,Monterrey,5,6.0,52.731184342936444,147.06133015151062,14.600126572527186,Retrasado,25.6866,-100.3161
PED-00448,2024-01-21,Perú,Mouse Ergonómico,Lima,7,10.0,40.017877414885945,76.65111465749595,16.133526654367387,Retrasado,-12.0464,-77.0428
PED-00449,2024-07-02,Chile,Mouse Ergonómico,Santiago,8,8.0,49.972138893330985,56.57009156873802,0.0,A tiempo,-33.4489,-70.6693
PED-00450,2024-04-17,México,Mouse Ergonómico,Monterrey,6,,44.66909597984167,101.19184660485698,20.18577932339955,Retrasado,25.6866,-100.3161
PED-00451,2024-12-15,Colombia,Laptop Pro,Cali,3,4.0,26.559360432957735,274.39382172661556,13.736686556513312,Retrasado,3.4516,-76.5319
PED-00452,2024-05-07,Chile,Mouse Ergonómico,Santiago,7,8.0,46.25465849249749,159.34975640814827,8.073251809877496,Retrasado,-33.4489,-70.6693
PED-00453,2024-12-07,Chile,Monitor 4K,Concepción,9,7.0,40.20074425217756,70.60756409863237,0.0,A tiempo,-36.8201,-73.0444
PED-00454,2024-02-22,México,Hub USB-C,Monterrey,5,6.0,30.4266141086601,44.03086963101475,8.169452886355854,Retrasado,25.6866,-100.3161
PED-00455,2024-06-30,México,Monitor 4K,Guadalajara,6,,43.318569516722334,13.88345936969938,0.0,A tiempo,20.6597,-103.3496
PED-00456,2024-10-13,Perú,Monitor 4K,Lima,6,,51.93379451924159,98.76853990346339,0.0,A tiempo,-12.0464,-77.0428
PED-00457,2024-07-27,Perú,Mouse Ergonómico,Trujillo,6,5.0,36.5182295457251,77.52279544568295,0.0,A tiempo,-8.115,-79.029
PED-00458,2024-11-13,Chile,Hub USB-C,Concepción,9,,50.15682236471624,42.843815739530925,0.0,A tiempo,-36.8201,-73.0444
PED-00459,2024-03-20,Colombia,Teclado Mecánico,Medellín,3,9.0,49.00268424310965,147.5690584502314,61.72115122072918,Retrasado,6.2476,-75.5658
PED-00460,2024-05-01,Perú,Monitor 4K,Arequipa,6,10.0,60.23056555252239,126.68980589716968,57.11876247148179,Retrasado,-16.409,-71.5375
PED-00461,2024-03-24,Colombia,Teclado Mecánico,Cali,4,9.0,46.43541509120529,98.8712848425108,46.43757041706771,Retrasado,3.4516,-76.5319
PED-00462,2024-03-31,México,Teclado Mecánico,Guadalajara,5,3.0,53.91127876932726,154.57304976683466,0.0,A tiempo,20.6597,-103.3496
PED-00463,2024-07-30,México,Laptop Pro,Monterrey,6,7.0,61.67509822986446,326.5014413359445,9.489554374782376,Retrasado,25.6866,-100.3161
PED-00464,2024-01-13,Perú,Hub USB-C,Lima,7,5.0,42.760352695322126,67.0857639392627,0.0,A tiempo,-12.0464,-77.0428
PED-00465,2024-04-01,Chile,Hub USB-C,Santiago,7,7.0,43.55659732978016,58.431193440369356,0.0,A tiempo,-33.4489,-70.6693
PED-00466,2024-06-19,México,Monitor 4K,Guadalajara,5,4.0,22.608597938625273,132.71926177815445,0.0,A tiempo,20.6597,-103.3496
PED-00467,2024-07-29,Colombia,Laptop Pro,Medellín,6,10.0,41.861454740422985,315.85467825869404,55.436946816672126,Retrasado,6.2476,-75.5658
PED-00468,2024-12-08,Chile,Laptop Pro,Concepción,8,8.0,65.40323979819885,306.7899107188265,0.0,A tiempo,-36.8201,-73.0444
PED-00469,2024-05-07,Perú,Laptop Pro,Arequipa,6,9.0,44.4682275465273,266.1400878852437,21.320411919826885,Retrasado,-16.409,-71.5375
PED-00470,2024-05-16,México,Hub USB-C,CDMX,6,8.0,47.460482936027645,124.31790268023016,22.485808015665395,Retrasado,19.4326,-99.1332
PED-00471,2024-03-22,Perú,Hub USB-C,Trujillo,6,12.0,42.46137886309039,69.78004467464203,34.360938935388894,Retrasado,-8.115,-79.029
PED-00472,2024-12-25,Chile,Mouse Ergonómico,Valparaíso,7,5.0,53.82653551477492,95.92053381625288,0.0,A tiempo,-33.0472,-71.6127
PED-00473,2024-02-25,Chile,Hub USB-C,Concepción,7,11.0,61.24932545303241,157.8777658554792,26.98183534013986,Retrasado,-36.8201,-73.0444
PED-00474,2024-07-14,Chile,Hub USB-C,Santiago,7,10.0,32.57228026118959,73.56663056759416,17.124441041572936,Retrasado,-33.4489,-70.6693
PED-00475,2024-01-20,Colombia,Laptop Pro,Bogotá,4,3.0,34.094385306422524,237.08042971708556,0.0,A tiempo,4.711,-74.0721
PED-00476,2024-08-28,Chile,Teclado Mecánico,Concepción,9,12.0,47.233282282808545,57.898112325195584,32.30766415798931,Retrasado,-36.8201,-73.0444
PED-00477,2024-04-23,Chile,Monitor 4K,Concepción,7,8.0,51.13394391966689,139.77195306750494,13.54916958559771,Retrasado,-36.8201,-73.0444
PED-00478,2024-04-12,México,Teclado Mecánico,Guadalajara,6,6.0,54.58994001674291,110.18924549520838,0.0,A tiempo,20.6597,-103.3496
PED-00479,2024-08-23,Colombia,Monitor 4K,Medellín,3,2.0,28.11797561227179,94.84490485244986,0.0,A tiempo,6.2476,-75.5658
PED-00480,2024-06-28,Colombia,Mouse Ergonómico,Medellín,4,4.0,28.964131465942195,79.63624778753723,0.0,A tiempo,6.2476,-75.5658
PED-00481,2024-06-05,Perú,Hub USB-C,Trujillo,7,13.0,47.86124832445361,119.4143963021276,74.94693474155224,Retrasado,-8.115,-79.029
PED-00482,2024-04-26,Chile,Monitor 4K,Santiago,7,8.0,59.70316201788282,66.03580596039106,10.651732562239374,Retrasado,-33.4489,-70.6693
PED-00483,2024-04-24,México,Monitor 4K,Guadalajara,7,9.0,54.18759960127497,112.22662274570384,18.957826896889262,Retrasado,20.6597,-103.3496
PED-00484,2024-01-13,Perú,Monitor 4K,Trujillo,9,9.0,52.20583537737361,70.74981724748173,0.0,A tiempo,-8.115,-79.029
PED-00485,2024-12-03,Chile,Monitor 4K,Santiago,8,8.0,37.290482789077174,64.09362458899784,0.0,A tiempo,-33.4489,-70.6693
PED-00486,2024-04-08,Colombia,Hub USB-C,Bogotá,3,6.0,26.21420256786846,74.50050260699953,25.16038813371093,Retrasado,4.711,-74.0721
PED-00487,2024-07-23,Chile,Teclado Mecánico,Valparaíso,8,6.0,58.98669160339174,84.98370214064153,0.0,A tiempo,-33.0472,-71.6127
PED-00488,2024-06-17,Chile,Monitor 4K,Concepción,7,7.0,50.37696573123923,98.04680656265187,0.0,A tiempo,-36.8201,-73.0444
PED-00489,2024-05-22,México,Laptop Pro,Guadalajara,5,6.0,56.59531469589138,309.4182318044446,13.768477741541119,Retrasado,20.6597,-103.3496
PED-00490,2024-02-05,México,Monitor 4K,Guadalajara,8,9.0,67.66511800327633,-47.53461165713776,10.43543914649442,Retrasado,20.6597,-103.3496
PED-00491,2024-05-22,México,Hub USB-C,Guadalajara,5,5.0,60.386060692088165,67.6939776901294,0.0,A tiempo,20.6597,-103.3496
PED-00492,2024-06-28,Perú,Laptop Pro,Lima,6,7.0,50.93158337699742,284.33720090575844,13.510918822321445,Retrasado,-12.0464,-77.0428
PED-00493,2024-11-24,México,Hub USB-C,Guadalajara,6,8.0,44.890108298042726,160.20248154433318,21.14438089860088,Retrasado,20.6597,-103.3496
PED-00494,2024-09-17,Perú,Mouse Ergonómico,Trujillo,7,9.0,24.464504039441017,56.79989566471471,14.136820762871224,Retrasado,-8.115,-79.029
PED-00495,2024-07-23,Chile,Hub USB-C,Concepción,8,7.0,48.316150775271474,106.5118647239965,0.0,A tiempo,-36.8201,-73.0444
PED-00496,2024-12-13,Perú,Laptop Pro,Trujillo,7,7.0,46.73987504183151,359.8012123894335,0.0,A tiempo,-8.115,-79.029
PED-00497,2024-10-01,Perú,Teclado Mecánico,Arequipa,6,9.0,53.90366194395376,47.48125880210908,40.33216836876198,Retrasado,-16.409,-71.5375
PED-00498,2024-06-18,México,Laptop Pro,Guadalajara,5,8.0,48.460947730253125,315.7590090345761,28.598992159396285,Retrasado,20.6597,-103.3496
PED-00499,2024-01-15,México,Teclado Mecánico,CDMX,8,6.0,46.79614940563206,67.90912664261919,0.0,A tiempo,19.4326,-99.1332
PED-00500,2024-02-29,Colombia,Laptop Pro,Medellín,4,5.0,12.206010694927794,279.8146503084306,5.955362076362372,Retrasado,6.2476,-75.5658
PED-00501,2024-05-13,Perú,Monitor 4K,Trujillo,8,5.0,40.60032170849934,67.87556664186742,0.0,A tiempo,-8.115,-79.029
PED-00502,2024-04-01,Chile,Hub USB-C,Santiago,8,9.0,54.76651040800557,70.72570766336456,14.832414364723988,Retrasado,-33.4489,-70.6693
PED-00503,2024-10-24,Colombia,Mouse Ergonómico,Medellín,3,8.0,47.15907631132694,208.87648591625972,65.42301447385742,Retrasado,6.2476,-75.5658
PED-00504,2024-05-15,Colombia,Teclado Mecánico,Medellín,4,3.0,29.024746162543767,133.77823488286663,0.0,A tiempo,6.2476,-75.5658
PED-00505,2024-01-20,Colombia,Teclado Mecánico,Cali,4,3.0,33.27811073574124,144.06951447144837,0.0,A tiempo,3.4516,-76.5319
PED-00506,2024-02-25,México,Monitor 4K,Monterrey,6,8.0,59.52478156952805,119.67973947345985,16.59631617712722,Retrasado,25.6866,-100.3161
PED-00507,2024-11-01,México,Monitor 4K,Guadalajara,5,3.0,41.891060637997505,35.749728463921684,0.0,A tiempo,20.6597,-103.3496
PED-00508,2024-08-10,México,Laptop Pro,Guadalajara,6,6.0,53.66814043285442,315.7983188129323,0.0,A tiempo,20.6597,-103.3496
PED-00509,2024-06-25,Chile,Teclado Mecánico,Valparaíso,8,10.0,42.59509893667841,142.91718458029385,24.990532176158197,Retrasado,-33.0472,-71.6127
PED-00510,2024-06-09,Perú,Hub USB-C,Arequipa,9,9.0,58.648244384910114,65.86402103843554,0.0,A tiempo,-16.409,-71.5375
PED-00511,2024-08-11,Colombia,Laptop Pro,Medellín,3,3.0,31.514030479517327,338.61306668644505,0.0,A tiempo,6.2476,-75.5658
PED-00512,2024-11-06,México,Monitor 4K,Monterrey,5,7.0,52.9845181398144,128.17344839416316,18.741561655149503,Retrasado,25.6866,-100.3161
PED-00513,2024-09-18,Perú,Teclado Mecánico,Arequipa,7,9.0,42.17401402581411,174.0816017925468,12.477611305911239,Retrasado,-16.409,-71.5375
PED-00514,2024-02-29,Colombia,Mouse Ergonómico,Bogotá,4,,37.07032359610785,83.28867949945524,10.644418416538134,Retrasado,4.711,-74.0721
PED-00515,2024-07-16,Perú,Mouse Ergonómico,Lima,6,6.0,70.84712921231016,56.09556070897093,0.0,A tiempo,-12.0464,-77.0428
PED-00516,2024-10-22,Colombia,Teclado Mecánico,Cali,4,5.0,19.92088304571794,85.53487562509818,12.929936513925114,Retrasado,3.4516,-76.5319
PED-00517,2024-04-07,Perú,Hub USB-C,Trujillo,6,6.0,46.60240992352476,157.42283972654494,0.0,A tiempo,-8.115,-79.029
PED-00518,2024-05-10,México,Teclado Mecánico,Guadalajara,6,8.0,52.31607474168092,26.86376476632148,22.936113206981936,Retrasado,20.6597,-103.3496
PED-00519,2024-01-23,Perú,Hub USB-C,Arequipa,7,7.0,57.86406211995816,17.264971382758716,0.0,A tiempo,-16.409,-71.5375
PED-00520,2024-12-28,Perú,Monitor 4K,Trujillo,6,6.0,44.40453714710531,103.57581115726452,0.0,A tiempo,-8.115,-79.029
PED-00521,2024-08-11,Colombia,Hub USB-C,Cali,6,5.0,5.0,82.29642828903376,0.0,A tiempo,3.4516,-76.5319
PED-00522,2024-01-01,Perú,Hub USB-C,Arequipa,7,7.0,63.59189494164025,100.30911572702739,0.0,A tiempo,-16.409,-71.5375
PED-00523,2024-09-23,Chile,Teclado Mecánico,Santiago,7,6.0,57.60506119584143,137.8124708494346,0.0,A tiempo,-33.4489,-70.6693
PED-00524,2024-10-02,Colombia,Teclado Mecánico,Cali,4,3.0,12.57052469513335,77.8972261552459,0.0,A tiempo,3.4516,-76.5319
PED-00525,2024-12-17,Perú,Mouse Ergonómico,Arequipa,8,9.0,43.92431208220444,25.07976676277518,9.637805973609229,Retrasado,-16.409,-71.5375
PED-00526,2024-12-09,Chile,Monitor 4K,Concepción,9,10.0,65.68182429527326,181.77926228799777,9.15078129007799,Retrasado,-36.8201,-73.0444
PED-00527,2024-04-10,Colombia,Laptop Pro,Bogotá,5,7.0,44.47796418457866,260.11086850244897,12.981913573428677,Retrasado,4.711,-74.0721
PED-00528,2024-07-05,México,Teclado Mecánico,Guadalajara,6,6.0,59.38640022678945,57.6385151195161,0.0,A tiempo,20.6597,-103.3496
PED-00529,2024-08-08,Colombia,Monitor 4K,Bogotá,4,6.0,28.238875660401373,144.14880054890386,18.086248624395175,Retrasado,4.711,-74.0721
PED-00530,2024-02-05,Colombia,Monitor 4K,Cali,5,7.0,30.8298741881251,84.62043515833928,27.50658165275816,Retrasado,3.4516,-76.5319
PED-00531,2024-12-06,Perú,Mouse Ergonómico,Arequipa,8,10.0,48.69074194873873,97.46440591860757,13.787124553613301,Retrasado,-16.409,-71.5375
PED-00532,2024-06-18,Chile,Teclado Mecánico,Concepción,9,8.0,61.282397832688375,119.31160496241272,0.0,A tiempo,-36.8201,-73.0444
PED-00533,2024-11-15,Colombia,Teclado Mecánico,Cali,4,5.0,21.2415759350489,143.34332412439983,5.239613851242698,Retrasado,3.4516,-76.5319
PED-00534,2024-06-09,Colombia,Monitor 4K,Bogotá,7,8.0,21.94200345115795,86.66157227272912,12.642204838423085,Retrasado,4.711,-74.0721
PED-00535,2024-12-05,Colombia,Teclado Mecánico,Medellín,4,5.0,40.10274586836016,160.79808023657196,10.809138982462784,Retrasado,6.2476,-75.5658
PED-00536,2024-03-04,Perú,Mouse Ergonómico,Arequipa,7,3.0,49.556385444884384,14.568006050607778,0.0,A tiempo,-16.409,-71.5375
PED-00537,2024-06-02,Colombia,Mouse Ergonómico,Bogotá,4,5.0,43.78467355453808,130.39148947812308,5.517208825546534,Retrasado,4.711,-74.0721
PED-00538,2024-09-16,Chile,Mouse Ergonómico,Santiago,7,13.0,43.28487793019454,66.4188976792937,42.66229981251692,Retrasado,-33.4489,-70.6693
PED-00539,2024-06-07,Perú,Teclado Mecánico,Trujillo,6,6.0,49.452216396611746,154.89085266431965,0.0,A tiempo,-8.115,-79.029
PED-00540,2024-12-07,México,Teclado Mecánico,CDMX,6,6.0,40.77587015156047,105.68177915322181,0.0,A tiempo,19.4326,-99.1332
PED-00541,2024-07-28,México,Mouse Ergonómico,Monterrey,6,7.0,50.07362681423567,73.08378671962393,11.27439007682151,Retrasado,25.6866,-100.3161
PED-00542,2024-06-16,Perú,Hub USB-C,Arequipa,6,7.0,35.21453063001201,126.5136437208653,10.661859843173751,Retrasado,-16.409,-71.5375
PED-00543,2024-07-25,Chile,Laptop Pro,Santiago,9,12.0,45.123665790450374,335.72753388829005,33.36449464840171,Retrasado,-33.4489,-70.6693
PED-00544,2024-12-22,Perú,Monitor 4K,Trujillo,8,6.0,35.63746135071882,125.67576491434554,0.0,A tiempo,-8.115,-79.029
PED-00545,2024-05-31,Perú,Hub USB-C,Arequipa,6,8.0,56.93923233191258,58.81215041467758,15.460575913517188,Retrasado,-16.409,-71.5375
PED-00546,2024-10-10,Perú,Laptop Pro,Arequipa,6,8.0,57.16589339759652,280.6393150551166,14.890149946888505,Retrasado,-16.409,-71.5375
PED-00547,2024-03-06,Perú,Teclado Mecánico,Arequipa,7,7.0,32.697372695156545,99.8370865151426,0.0,A tiempo,-16.409,-71.5375
PED-00548,2024-04-08,Colombia,Monitor 4K,Bogotá,6,7.0,43.33885745500573,98.34961389399759,13.490708749034921,Retrasado,4.711,-74.0721
PED-00549,2024-08-03,México,Hub USB-C,Guadalajara,6,9.0,74.97415126419854,129.9898190175339,33.494380756237334,Retrasado,20.6597,-103.3496
PED-00550,2024-12-06,Chile,Monitor 4K,Santiago,8,11.0,50.46006386736341,19.403950699735674,20.595330375121794,Retrasado,-33.4489,-70.6693
PED-00551,2024-07-13,Colombia,Teclado Mecánico,Cali,4,3.0,23.58885739775355,113.37308218214014,0.0,A tiempo,3.4516,-76.5319
PED-00552,2024-12-12,México,Laptop Pro,CDMX,8,11.0,78.24330591003047,288.4007458225344,41.19106804578411,Retrasado,19.4326,-99.1332
PED-00553,2024-03-30,Perú,Laptop Pro,Trujillo,7,7.0,36.8103150169749,266.4599753446419,0.0,A tiempo,-8.115,-79.029
PED-00554,2024-11-11,México,laptop_pro,Guadalajara,5,6.0,50.20106466869098,270.300528889216,11.593990799053714,Retrasado,20.6597,-103.3496
PED-00555,2024-10-18,México,Hub USB-C,CDMX,5,6.0,51.796222726319236,91.41849341928146,9.068641075392998,Retrasado,19.4326,-99.1332
PED-00556,2024-06-03,Colombia,Laptop Pro,Cali,3,3.0,43.45147620452415,155.9565958216193,0.0,A tiempo,3.4516,-76.5319
PED-00557,2024-07-26,Colombia,Hub USB-C,Medellín,3,6.0,33.59738975126788,71.948417168338,44.38352289338471,Retrasado,6.2476,-75.5658
PED-00558,2024-10-07,Chile,Hub USB-C,Valparaíso,7,,45.01366104211549,64.96740701414826,0.0,A tiempo,-33.0472,-71.6127
PED-00559,2024-01-01,Perú,Mouse Ergonómico,Lima,6,5.0,40.48815629612044,121.31132837290497,0.0,A tiempo,-12.0464,-77.0428
PED-00560,2024-06-04,Perú,Hub USB-C,Arequipa,6,6.0,46.581781797538646,67.77893269957917,0.0,A tiempo,-16.409,-71.5375
PED-00561,2024-05-26,Perú,Monitor 4K,Trujillo,6,7.0,39.93072639054856,91.3954479931804,12.589319486146815,Retrasado,-8.115,-79.029
PED-00562,2024-04-17,México,Laptop Pro,CDMX,7,11.0,50.47825319784683,361.6910651064521,31.883221995119936,Retrasado,19.4326,-99.1332
PED-00563,2024-08-08,México,Hub USB-C,Monterrey,6,8.0,44.35803820139513,139.77406079261692,18.531057084832796,Retrasado,25.6866,-100.3161
PED-00564,2024-10-23,Perú,Teclado Mecánico,Lima,8,7.0,35.059622067102495,136.09085599773812,0.0,A tiempo,-12.0464,-77.0428
PED-00565,2024-11-06,Chile,Hub USB-C,Concepción,8,15.0,62.55145788374904,80.00510278356593,42.77367110646765,Retrasado,-36.8201,-73.0444
PED-00566,2024-12-01,México,Hub USB-C,CDMX,7,8.0,45.02327476570961,121.7212911715861,12.227620328396966,Retrasado,19.4326,-99.1332
PED-00567,2024-06-13,Chile,Mouse Ergonómico,Valparaíso,7,11.0,37.318631950246875,90.64408798185625,30.700474294154667,Retrasado,-33.0472,-71.6127
PED-00568,2024-08-26,México,Monitor 4K,CDMX,6,6.0,48.31740865512459,92.15627157292249,0.0,A tiempo,19.4326,-99.1332
PED-00569,2024-08-14,Colombia,Teclado Mecánico,Bogotá,6,8.0,30.683715659676587,116.38741374986199,29.91217423028852,Retrasado,4.711,-74.0721
PED-00570,2024-08-14,Colombia,Mouse Ergonómico,Cali,3,6.0,12.535332744209665,76.1202564631627,17.29859441788946,Retrasado,3.4516,-76.5319
PED-00571,2024-12-11,Perú,Monitor 4K,Lima,6,10.0,53.316476671257625,159.72012417772814,38.92140500334801,Retrasado,-12.0464,-77.0428
PED-00572,2024-04-19,Colombia,Hub USB-C,Medellín,3,6.0,19.528424313097354,93.59479441608252,39.061876779324095,Retrasado,6.2476,-75.5658
PED-00573,2024-09-18,México,Teclado Mecánico,Monterrey,5,8.0,67.11028809190788,124.73442265038659,38.66852689623701,Retrasado,25.6866,-100.3161
PED-00574,2024-08-30,México,Monitor 4K,Monterrey,6,6.0,55.23960512076735,158.2240191702919,0.0,A tiempo,25.6866,-100.3161
PED-00575,2024-03-27,Colombia,Mouse Ergonómico,Bogotá,3,3.0,26.001000098906836,141.266150983007,0.0,A tiempo,4.711,-74.0721
PED-00576,2024-12-03,Colombia,Hub USB-C,Cali,7,8.0,22.548322296826495,43.64323589237902,9.538532556850523,Retrasado,3.4516,-76.5319
PED-00577,2024-02-13,Colombia,Hub USB-C,Medellín,4,7.0,28.95032292436376,117.79583580039537,32.84905072024411,Retrasado,6.2476,-75.5658
PED-00578,2024-05-25,Perú,Laptop Pro,Trujillo,7,7.0,56.127907415832894,334.0287757784259,0.0,A tiempo,-8.115,-79.029
PED-00579,2024-09-20,Colombia,Mouse Ergonómico,Cali,4,7.0,29.745058714148005,135.67452088642995,24.826418128154785,Retrasado,3.4516,-76.5319
PED-00580,2024-12-05,México,Teclado Mecánico,CDMX,5,9.0,47.82841192863143,55.46820663541475,56.92575550867431,Retrasado,19.4326,-99.1332
PED-00581,2024-11-20,Colombia,Hub USB-C,Bogotá,4,3.0,30.583702908178957,73.71859051930704,0.0,A tiempo,4.711,-74.0721
PED-00582,2024-11-13,Perú,Laptop Pro,Trujillo,7,6.0,43.961410687630455,339.78232942966486,0.0,A tiempo,-8.115,-79.029
PED-00583,2024-06-20,Perú,Monitor 4K,Trujillo,7,7.0,46.56794073156962,69.52958517269417,0.0,A tiempo,-8.115,-79.029
PED-00584,2024-02-17,México,Hub USB-C,Monterrey,5,6.0,29.14207561094996,88.01215773342743,9.635114803585509,Retrasado,25.6866,-100.3161
PED-00585,2024-04-30,México,Monitor 4K,CDMX,10,10.0,59.737262308523675,163.03503238007877,0.0,A tiempo,19.4326,-99.1332
PED-00586,2024-12-10,Colombia,Hub USB-C,Cali,3,7.0,32.98797780321762,98.08802998460841,30.90124676160827,Retrasado,3.4516,-76.5319
PED-00587,2024-06-07,México,Monitor 4K,Monterrey,6,8.0,42.265441559665696,70.92903448664629,15.483477150229332,Retrasado,25.6866,-100.3161
PED-00588,2024-04-25,Chile,Mouse Ergonómico,Santiago,7,8.0,68.98734981355238,64.8953057254838,6.135545438434939,Retrasado,-33.4489,-70.6693
PED-00589,2024-04-11,México,Monitor 4K,CDMX,6,4.0,50.87016480392386,113.30877318340752,0.0,A tiempo,19.4326,-99.1332
PED-00590,2024-03-16,Chile,Monitor 4K,Santiago,7,5.0,39.63856428024803,46.674079660911644,0.0,A tiempo,-33.4489,-70.6693
PED-00591,2024-01-13,Chile,Hub USB-C,Valparaíso,7,8.0,58.567374214704586,90.10656144414327,12.628554778963716,Retrasado,-33.0472,-71.6127
PED-00592,2024-01-24,México,Hub USB-C,Monterrey,6,2.0,53.980482165092624,113.32922139960087,0.0,A tiempo,25.6866,-100.3161
PED-00593,2024-05-05,Chile,Monitor 4K,Valparaíso,9,12.0,53.94579985484219,151.9659928219067,18.077536809930624,Retrasado,-33.0472,-71.6127
PED-00594,2024-08-31,México,Mouse Ergonómico,Monterrey,7,7.0,45.7424439534841,126.70192321479982,0.0,A tiempo,25.6866,-100.3161
PED-00595,2024-11-08,México,Teclado Mecánico,Monterrey,7,16.0,54.504957237780346,71.43739528071285,99.12308642910597,Retrasado,25.6866,-100.3161
PED-00596,2024-02-07,Perú,Laptop Pro,Trujillo,10,16.0,47.38241709778905,347.1367727025488,87.65133460708678,Retrasado,-8.115,-79.029
PED-00597,2024-08-21,Chile,Monitor 4K,Concepción,10,10.0,55.559414516458425,88.0193984981009,0.0,A tiempo,-36.8201,-73.0444
PED-00598,2024-07-31,Chile,Mouse Ergonómico,Santiago,9,9.0,30.95055545989361,50.571879118023645,0.0,A tiempo,-33.4489,-70.6693
PED-00599,2024-11-18,Colombia,Monitor 4K,Medellín,5,8.0,25.66126537020811,93.1183456293811,29.213500869234664,Retrasado,6.2476,-75.5658
PED-00600,2024-10-21,México,Laptop Pro,Guadalajara,6,11.0,67.22155097808195,357.5267680458281,57.424879877360205,Retrasado,20.6597,-103.3496
PED-00601,2024-04-09,Perú,Teclado Mecánico,Trujillo,6,3.0,42.32932544599699,106.609602002597,0.0,A tiempo,-8.115,-79.029
PED-00602,2024-12-22,Perú,Teclado Mecánico,Arequipa,7,4.0,43.961617025068136,100.50087457319145,0.0,A tiempo,-16.409,-71.5375
PED-00603,2024-07-15,Colombia,Monitor 4K,Medellín,5,5.0,25.52038661550025,165.48846578811413,0.0,A tiempo,6.2476,-75.5658
PED-00604,2024-09-10,Chile,Laptop Pro,Valparaíso,7,9.0,37.85193864111356,242.74580611782292,15.033288700909415,Retrasado,-33.0472,-71.6127
PED-00605,2024-07-23,Perú,Monitor 4K,Lima,6,8.0,27.91719223771748,48.57603543788911,18.59098247041351,Retrasado,-12.0464,-77.0428
PED-00606,2024-05-04,Chile,Hub USB-C,Concepción,10,13.0,47.69413601476387,35.36614116132671,29.62321421279365,Retrasado,-36.8201,-73.0444
PED-00607,2024-03-16,Perú,Teclado Mecánico,Arequipa,7,6.0,51.35859424081657,114.9059274592022,0.0,A tiempo,-16.409,-71.5375
PED-00608,2024-12-01,Perú,Mouse Ergonómico,Lima,7,3.0,49.474949314613475,106.65972508460499,0.0,A tiempo,-12.0464,-77.0428
PED-00609,2024-12-18,México,Mouse Ergonómico,Monterrey,8,11.0,48.55121438052113,161.70945469119104,32.88414185089604,Retrasado,25.6866,-100.3161
PED-00610,2024-01-03,Chile,Mouse Ergonómico,Valparaíso,9,8.0,50.430408708503876,109.73900308547081,0.0,A tiempo,-33.0472,-71.6127
PED-00611,2024-02-24,Perú,Laptop Pro,Arequipa,8,4.0,60.22841471550764,283.8337136208279,0.0,A tiempo,-16.409,-71.5375
PED-00612,2024-08-05,México,laptop_pro,Guadalajara,5,6.0,48.09553814070783,300.07179491512426,5.776479153532907,Retrasado,20.6597,-103.3496
PED-00613,2024-04-22,Perú,Teclado Mecánico,Arequipa,7,9.0,44.259174229127304,104.70829673843832,17.833895510216788,Retrasado,-16.409,-71.5375
PED-00614,2024-03-31,México,Laptop Pro,Guadalajara,6,6.0,47.188745151119136,233.12954906687332,0.0,A tiempo,20.6597,-103.3496
PED-00615,2024-12-22,México,Hub USB-C,Guadalajara,6,6.0,55.793467597567755,208.41326577339572,0.0,A tiempo,20.6597,-103.3496
PED-00616,2024-09-22,Chile,Teclado Mecánico,Santiago,11,11.0,64.1202687854325,120.79484072407647,0.0,A tiempo,-33.4489,-70.6693
PED-00617,2024-08-25,México,Teclado Mecánico,CDMX,6,6.0,43.71856260830822,108.40033232090356,0.0,A tiempo,19.4326,-99.1332
PED-00618,2024-01-26,Perú,Hub USB-C,Trujillo,6,4.0,50.989337870288836,124.60655937114322,0.0,A tiempo,-8.115,-79.029
PED-00619,2024-10-12,Colombia,Hub USB-C,Cali,3,3.0,33.3835744193596,128.3764392234642,0.0,A tiempo,3.4516,-76.5319
PED-00620,2024-05-07,Perú,Hub USB-C,Arequipa,8,10.0,40.07421993271177,94.37786057990273,22.28062396897301,Retrasado,-16.409,-71.5375
PED-00621,2024-03-03,Perú,Monitor 4K,Arequipa,7,8.0,50.20417167212918,74.75035455037198,13.608550280434487,Retrasado,-16.409,-71.5375
PED-00622,2024-08-21,México,Mouse Ergonómico,Guadalajara,7,8.0,35.34326142657905,123.97802745286816,12.532134387388773,Retrasado,20.6597,-103.3496
PED-00623,2024-03-09,Perú,Mouse Ergonómico,Trujillo,6,5.0,32.30949696260601,115.4284336212581,0.0,A tiempo,-8.115,-79.029
PED-00624,2024-08-25,México,Teclado Mecánico,Monterrey,7,7.0,53.66746407892257,67.60439603642368,0.0,A tiempo,25.6866,-100.3161
PED-00625,2024-12-07,Chile,Hub USB-C,Valparaíso,7,3.0,46.16125258669217,156.76142445469054,0.0,A tiempo,-33.0472,-71.6127
PED-00626,2024-09-28,México,Laptop Pro,Monterrey,7,8.0,52.02280407621219,311.7340814529193,13.79417310264396,Retrasado,25.6866,-100.3161
PED-00627,2024-10-13,Chile,Hub USB-C,Valparaíso,8,12.0,49.8210502299165,129.19277449070523,21.569743041621855,Retrasado,-33.0472,-71.6127
PED-00628,2024-10-31,Colombia,Teclado Mecánico,Bogotá,5,3.0,20.235999513362025,155.67683550719676,0.0,A tiempo,4.711,-74.0721
PED-00629,2024-06-11,Perú,Mouse Ergonómico,Arequipa,7,7.0,49.547456980356635,100.8755528465934,0.0,A tiempo,-16.409,-71.5375
PED-00630,2024-08-14,Chile,Monitor 4K,Concepción,7,8.0,37.668986949851444,112.67808027936462,11.811376990723906,Retrasado,-36.8201,-73.0444
PED-00631,2024-11-09,Colombia,Hub USB-C,Cali,5,9.0,43.909723580014,132.40108954024464,21.519913492189687,Retrasado,3.4516,-76.5319
PED-00632,2024-09-15,México,Mouse Ergonómico,Monterrey,5,5.0,36.440296551400365,71.0055566479979,0.0,A tiempo,25.6866,-100.3161
PED-00633,2024-08-06,Colombia,Teclado Mecánico,Medellín,3,3.0,28.042147290314187,102.16206651384003,0.0,A tiempo,6.2476,-75.5658
PED-00634,2024-10-07,Chile,Teclado Mecánico,Concepción,7,4.0,39.57728411952752,105.02194346604593,0.0,A tiempo,-36.8201,-73.0444
PED-00635,2024-08-16,Perú,Mouse Ergonómico,Trujillo,7,8.0,55.704211733607956,61.75765793266422,7.7792201076935905,Retrasado,-8.115,-79.029
PED-00636,2024-03-22,Colombia,Mouse Ergonómico,Bogotá,6,12.0,26.68568628718497,192.70547154695515,83.41886737281908,Retrasado,4.711,-74.0721
PED-00637,2024-08-31,Colombia,Hub USB-C,Cali,7,8.0,24.813332803787898,43.7082622603039,10.49988415865953,Retrasado,3.4516,-76.5319
PED-00638,2024-08-18,México,Laptop Pro,Guadalajara,6,6.0,58.532015450515544,248.07584385251369,0.0,A tiempo,20.6597,-103.3496
PED-00639,2024-05-12,México,Hub USB-C,Guadalajara,5,6.0,50.29430591677552,152.56906302814315,5.726821558408109,Retrasado,20.6597,-103.3496
PED-00640,2024-05-06,Perú,Monitor 4K,Lima,9,9.0,55.166444459359674,128.53065003186168,0.0,A tiempo,-12.0464,-77.0428
PED-00641,2024-11-22,México,Mouse Ergonómico,Guadalajara,5,4.0,40.186740634825355,58.96140730076888,0.0,A tiempo,20.6597,-103.3496
PED-00642,2024-05-21,Chile,Monitor 4K,Valparaíso,7,10.0,35.95183056072493,124.29156060406771,33.4213082091769,Retrasado,-33.0472,-71.6127
PED-00643,2024-09-23,Chile,Monitor 4K,Concepción,8,9.0,51.07207962040134,158.7140177998924,10.102626462206493,Retrasado,-36.8201,-73.0444
PED-00644,2024-09-05,Colombia,Laptop Pro,Cali,3,4.0,26.81153644505269,298.78947769612057,9.337844022073726,Retrasado,3.4516,-76.5319
PED-00645,2024-11-16,México,Hub USB-C,CDMX,6,5.0,56.26434672453944,203.95291600298327,0.0,A tiempo,19.4326,-99.1332
PED-00646,2024-05-02,México,Teclado Mecánico,Monterrey,6,10.0,49.2009154733745,31.03752756527858,29.335818069136266,Retrasado,25.6866,-100.3161
PED-00647,2024-05-20,Colombia,Monitor 4K,Cali,4,6.0,32.0507533923463,127.75293815436409,28.825181283552954,Retrasado,3.4516,-76.5319
PED-00648,2024-08-13,Perú,Monitor 4K,Lima,7,7.0,33.76617470058757,146.66113344884013,0.0,A tiempo,-12.0464,-77.0428
PED-00649,2024-02-09,México,Monitor 4K,Guadalajara,5,8.0,68.88436939614257,135.65375606420986,24.335773330631298,Retrasado,20.6597,-103.3496
PED-00650,2024-12-31,México,Monitor 4K,CDMX,6,6.0,48.357580149679684,91.82577093417407,0.0,A tiempo,19.4326,-99.1332
PED-00651,2024-05-26,Perú,Teclado Mecánico,Lima,7,7.0,56.97586970339199,88.38234071955402,0.0,A tiempo,-12.0464,-77.0428
PED-00652,2024-04-30,México,Hub USB-C,CDMX,8,8.0,41.63908329780374,117.7658068434903,0.0,A tiempo,19.4326,-99.1332
PED-00653,2024-05-19,Chile,Laptop Pro,Valparaíso,8,5.0,53.08009902217341,332.6301794660828,0.0,A tiempo,-33.0472,-71.6127
PED-00654,2024-06-20,Chile,Monitor 4K,Santiago,7,9.0,36.97155236475255,124.09893745129453,23.59016045473111,Retrasado,-33.4489,-70.6693
PED-00655,2024-06-12,Perú,Mouse Ergonómico,Trujillo,7,4.0,54.520678382596714,141.60231563173556,0.0,A tiempo,-8.115,-79.029
PED-00656,2024-10-03,Perú,Teclado Mecánico,Lima,7,5.0,46.44025915614167,59.24520171733059,0.0,A tiempo,-12.0464,-77.0428
PED-00657,2024-02-11,Chile,Laptop Pro,Concepción,9,5.0,50.291905039355676,290.8891608350546,0.0,A tiempo,-36.8201,-73.0444
PED-00658,2024-03-11,Chile,Mouse Ergonómico,Valparaíso,7,7.0,56.97974030130098,62.39936271504983,0.0,A tiempo,-33.0472,-71.6127
PED-00659,2024-03-18,Chile,Mouse Ergonómico,Valparaíso,8,8.0,37.6745968877972,84.55548895655434,0.0,A tiempo,-33.0472,-71.6127
PED-00660,2024-04-28,Chile,Mouse Ergonómico,Santiago,7,7.0,43.15508269387203,140.6088356725722,0.0,A tiempo,-33.4489,-70.6693
PED-00661,2024-07-15,Perú,Monitor 4K,Trujillo,6,5.0,54.573242810867654,104.31935682900915,0.0,A tiempo,-8.115,-79.029
PED-00662,2024-12-21,Perú,Hub USB-C,Arequipa,6,5.0,70.98221474546747,204.27436652599079,0.0,A tiempo,-16.409,-71.5375
PED-00663,2024-03-19,Colombia,Monitor 4K,Medellín,4,6.0,28.619176653385182,107.73625468758868,17.036537941736228,Retrasado,6.2476,-75.5658
PED-00664,2024-12-27,Perú,Mouse Ergonómico,Lima,8,8.0,55.91136117923932,102.38767522318945,0.0,A tiempo,-12.0464,-77.0428
PED-00665,2024-04-19,Chile,Laptop Pro,Santiago,7,8.0,48.930285301415196,304.24731677760866,11.168857832608161,Retrasado,-33.4489,-70.6693
PED-00666,2024-02-02,México,Monitor 4K,CDMX,5,4.0,69.422455947563,74.48765228560256,0.0,A tiempo,19.4326,-99.1332
PED-00667,2024-07-31,Chile,Laptop Pro,Concepción,7,8.0,32.52778333034745,297.68653550489626,14.915977755299853,Retrasado,-36.8201,-73.0444
PED-00668,2024-07-27,Chile,Monitor 4K,Santiago,9,13.0,50.94621044669358,145.11152108446583,59.32863946614983,Retrasado,-33.4489,-70.6693
PED-00669,2024-06-18,Perú,Hub USB-C,Lima,7,9.0,33.744559664379395,104.55882672511089,22.700491322832193,Retrasado,-12.0464,-77.0428
PED-00670,2024-10-04,Colombia,Hub USB-C,Cali,5,5.0,5.0,68.26161080466115,0.0,A tiempo,3.4516,-76.5319
PED-00671,2024-08-26,México,Monitor 4K,Guadalajara,7,8.0,52.97462053117817,62.99661518085459,9.91140969134662,Retrasado,20.6597,-103.3496
PED-00672,2024-07-31,México,Monitor 4K,CDMX,6,6.0,51.39497796147459,81.99192433336626,0.0,A tiempo,19.4326,-99.1332
PED-00673,2024-02-01,Colombia,Hub USB-C,Cali,6,7.0,27.151630622577986,102.95453737643521,6.015745442353814,Retrasado,3.4516,-76.5319
PED-00674,2024-04-15,Chile,Laptop Pro,Concepción,8,8.0,48.93805909960247,347.7434614190505,0.0,A tiempo,-36.8201,-73.0444
PED-00675,2024-08-03,Perú,Hub USB-C,Lima,7,7.0,80.98299434071258,46.38045434534253,0.0,A tiempo,-12.0464,-77.0428
PED-00676,2024-07-18,Chile,Monitor 4K,Concepción,7,8.0,47.418248619685656,87.20694888444976,5.733607595169196,Retrasado,-36.8201,-73.0444
PED-00677,2024-10-26,México,Laptop Pro,CDMX,5,4.0,55.10124361250075,305.77240077740316,0.0,A tiempo,19.4326,-99.1332
PED-00678,2024-12-22,México,Monitor 4K,CDMX,5,4.0,43.50635180386119,26.651769294822614,0.0,A tiempo,19.4326,-99.1332
PED-00679,2024-01-11,Chile,Teclado Mecánico,Concepción,8,6.0,52.95232575040603,66.65606868134375,0.0,A tiempo,-36.8201,-73.0444
PED-00680,2024-10-21,México,Monitor 4K,CDMX,6,3.0,47.61766324944382,72.80445841055254,0.0,A tiempo,19.4326,-99.1332
PED-00681,2024-07-13,Perú,Hub USB-C,Arequipa,6,4.0,45.8948151727027,68.16118504598006,0.0,A tiempo,-16.409,-71.5375
PED-00682,2024-01-09,México,Mouse Ergonómico,Guadalajara,7,8.0,68.18898532200325,107.6755818008659,5.823529903367581,Retrasado,20.6597,-103.3496
PED-00683,2024-04-01,Perú,Hub USB-C,Trujillo,8,7.0,61.77184963184339,93.57761561992811,0.0,A tiempo,-8.115,-79.029
PED-00684,2024-06-29,Chile,Hub USB-C,Concepción,10,12.0,51.36746647399231,77.78855589595855,15.425371729663535,Retrasado,-36.8201,-73.0444
PED-00685,2024-06-01,Chile,Laptop Pro,Santiago,8,9.0,26.957880640560333,317.1185050621054,11.149341779171476,Retrasado,-33.4489,-70.6693
PED-00686,2024-07-18,Perú,Teclado Mecánico,Lima,6,3.0,46.389907767474305,168.92298870585,0.0,A tiempo,-12.0464,-77.0428
PED-00687,2024-08-02,Perú,Laptop Pro,Trujillo,6,8.0,77.03027564405083,365.5702606696701,12.226286429551003,Retrasado,-8.115,-79.029
PED-00688,2024-10-02,Perú,Monitor 4K,Lima,8,11.0,47.69338333360292,23.089129117506545,21.3637619616582,Retrasado,-12.0464,-77.0428
PED-00689,2024-10-06,México,Mouse Ergonómico,Monterrey,6,5.0,61.032175720536586,123.08288735340558,0.0,A tiempo,25.6866,-100.3161
PED-00690,2024-11-04,Chile,Hub USB-C,Valparaíso,7,9.0,64.419424019526,92.87906839744646,29.37227630691859,Retrasado,-33.0472,-71.6127
PED-00691,2024-04-22,México,Mouse Ergonómico,Monterrey,6,5.0,52.18963915855975,106.20621371461425,0.0,A tiempo,25.6866,-100.3161
PED-00692,2024-09-06,México,Mouse Ergonómico,Guadalajara,5,6.0,41.58178368131848,84.06867865829805,13.982291931628302,Retrasado,20.6597,-103.3496
PED-00693,2024-04-22,Perú,Monitor 4K,Lima,8,6.0,25.646876682171115,104.70354519548809,0.0,A tiempo,-12.0464,-77.0428
PED-00694,2024-05-19,México,Monitor 4K,Guadalajara,6,3.0,56.84163208608955,106.05629584288074,0.0,A tiempo,20.6597,-103.3496
PED-00695,2024-08-11,Colombia,Mouse Ergonómico,Medellín,5,5.0,21.852439971764518,76.84192970604308,0.0,A tiempo,6.2476,-75.5658
PED-00696,2024-09-05,Colombia,Hub USB-C,Medellín,3,3.0,31.761504518876922,64.14529808699277,0.0,A tiempo,6.2476,-75.5658
PED-00697,2024-01-15,Colombia,Monitor 4K,Medellín,5,5.0,17.50179660410636,82.05217269522063,0.0,A tiempo,6.2476,-75.5658
PED-00698,2024-07-18,Colombia,Hub USB-C,Cali,5,4.0,27.34762459529798,109.37037057827062,0.0,A tiempo,3.4516,-76.5319
PED-00699,2024-06-21,Colombia,Monitor 4K,Cali,3,3.0,30.337190549010533,123.95985366737057,0.0,A tiempo,3.4516,-76.5319
PED-00700,2024-12-08,Perú,Hub USB-C,Arequipa,8,9.0,52.68593581044298,134.13395909360588,6.134274267458415,Retrasado,-16.409,-71.5375
PED-00701,2024-12-13,México,Hub USB-C,Monterrey,5,5.0,38.85177812647586,80.23239907732349,0.0,A tiempo,25.6866,-100.3161
PED-00702,2024-07-26,México,Teclado Mecánico,CDMX,6,7.0,61.96910948761352,111.35378269210948,6.045075626427241,Retrasado,19.4326,-99.1332
PED-00703,2024-03-25,Colombia,Monitor 4K,Bogotá,5,5.0,24.03105215268029,138.50010367813195,0.0,A tiempo,4.711,-74.0721
PED-00704,2024-08-27,México,Teclado Mecánico,Monterrey,7,10.0,33.255305395467545,146.62379580576513,44.10229856730003,Retrasado,25.6866,-100.3161
PED-00705,2024-03-06,Colombia,Mouse Ergonómico,Bogotá,3,2.0,28.909765800365363,97.64668583473912,0.0,A tiempo,4.711,-74.0721
PED-00706,2024-11-14,México,Hub USB-C,Monterrey,6,8.0,50.3437530902646,91.1627310024155,25.57106051037084,Retrasado,25.6866,-100.3161
PED-00707,2024-09-30,Perú,Hub USB-C,Arequipa,8,11.0,51.6058943317176,107.64496935345569,38.28418211074566,Retrasado,-16.409,-71.5375
PED-00708,2024-01-14,Chile,Laptop Pro,Valparaíso,8,10.0,63.621324036850794,254.01170108410378,20.70147499558429,Retrasado,-33.0472,-71.6127
PED-00709,2024-07-20,Colombia,Monitor 4K,Bogotá,4,4.0,27.635511632641407,92.25561955857968,0.0,A tiempo,4.711,-74.0721
PED-00710,2024-10-30,Perú,Mouse Ergonómico,Arequipa,8,8.0,48.803803756312284,129.7834559389252,0.0,A tiempo,-16.409,-71.5375
PED-00711,2024-10-15,Perú,Mouse Ergonómico,Arequipa,6,9.0,38.96815618766907,125.67788517774804,24.436382928100727,Retrasado,-16.409,-71.5375
PED-00712,2024-12-05,Colombia,Monitor 4K,Bogotá,3,1.0,38.20553502887897,89.18929582544445,0.0,A tiempo,4.711,-74.0721
PED-00713,2024-01-14,Colombia,Laptop Pro,Medellín,4,,31.843090640781035,308.70872804348664,0.0,A tiempo,6.2476,-75.5658
PED-00714,2024-02-12,Perú,Laptop Pro,Lima,7,7.0,45.79972272705837,267.0139863883725,0.0,A tiempo,-12.0464,-77.0428
PED-00715,2024-11-25,Colombia,Monitor 4K,Medellín,3,7.0,10.953253065345365,128.139685929001,59.26908869526636,Retrasado,6.2476,-75.5658
PED-00716,2024-08-07,Colombia,Hub USB-C,Bogotá,5,6.0,44.44412195055087,96.88714255454107,9.110425654209305,Retrasado,4.711,-74.0721
PED-00717,2024-03-10,Chile,Hub USB-C,Concepción,7,6.0,37.72320035543943,88.96194193215447,0.0,A tiempo,-36.8201,-73.0444
PED-00718,2024-08-24,Chile,Mouse Ergonómico,Valparaíso,7,7.0,44.08721990630294,85.53104655626454,0.0,A tiempo,-33.0472,-71.6127
PED-00719,2024-04-03,Colombia,Monitor 4K,Bogotá,5,5.0,33.58344511076003,97.48424532400567,0.0,A tiempo,4.711,-74.0721
PED-00720,2024-01-26,Perú,Hub USB-C,Trujillo,9,9.0,38.034420713833136,82.08489420272167,0.0,A tiempo,-8.115,-79.029
PED-00721,2024-05-13,México,Laptop Pro,Monterrey,5,8.0,35.064902217468564,326.32572144010254,16.1817048866906,Retrasado,25.6866,-100.3161
PED-00722,2024-07-13,Colombia,Monitor 4K,Bogotá,3,1.0,8.76052417299335,84.18865807935278,0.0,A tiempo,4.711,-74.0721
PED-00723,2024-06-16,Colombia,Mouse Ergonómico,Bogotá,3,8.0,37.20996952905636,163.71856384109526,55.53213754608224,Retrasado,4.711,-74.0721
PED-00724,2024-04-18,México,Hub USB-C,Guadalajara,5,8.0,44.54813755273678,158.60842013925523,18.577505030443998,Retrasado,20.6597,-103.3496
PED-00725,2024-08-20,México,Hub USB-C,Monterrey,7,10.0,79.2727009247333,64.33826040581981,42.721034772907636,Retrasado,25.6866,-100.3161
PED-00726,2024-06-16,México,Laptop Pro,CDMX,5,5.0,40.05644934369127,302.7881707771712,0.0,A tiempo,19.4326,-99.1332
PED-00727,2024-06-21,Chile,Hub USB-C,Concepción,9,9.0,40.785489765710786,73.9737351465522,0.0,A tiempo,-36.8201,-73.0444
PED-00728,2024-07-13,Chile,Hub USB-C,Concepción,8,6.0,44.346070297145985,86.93409747245553,0.0,A tiempo,-36.8201,-73.0444
PED-00729,2024-05-22,Chile,Laptop Pro,Santiago,7,7.0,52.43134655138489,380.0970987057919,0.0,A tiempo,-33.4489,-70.6693
PED-00730,2024-08-03,Perú,Laptop Pro,Arequipa,8,10.0,45.29796661214689,287.697143315368,17.815006954181865,Retrasado,-16.409,-71.5375
PED-00731,2024-05-09,Colombia,Mouse Ergonómico,Cali,6,10.0,36.123322140025124,114.40904148309716,49.63237458930976,Retrasado,3.4516,-76.5319
PED-00732,2024-02-11,Chile,Monitor 4K,Valparaíso,8,7.0,40.21411610011346,121.65285176033113,0.0,A tiempo,-33.0472,-71.6127
PED-00733,2024-08-28,Perú,Hub USB-C,Lima,7,7.0,36.18408281536419,59.97482510067037,0.0,A tiempo,-12.0464,-77.0428
PED-00734,2024-01-10,Perú,Hub USB-C,Lima,6,6.0,32.01785260590893,65.7961810236318,0.0,A tiempo,-12.0464,-77.0428
PED-00735,2024-10-03,México,Laptop Pro,CDMX,5,3.0,27.76425832062803,251.75910514367524,0.0,A tiempo,19.4326,-99.1332
PED-00736,2024-01-27,México,Mouse Ergonómico,CDMX,6,8.0,44.81930980524943,64.56117064408892,29.79734968075787,Retrasado,19.4326,-99.1332
PED-00737,2024-06-28,Chile,Hub USB-C,Concepción,9,9.0,46.99019687606778,-14.001204372687283,0.0,A tiempo,-36.8201,-73.0444
PED-00738,2024-04-24,Colombia,Mouse Ergonómico,Cali,4,4.0,23.685629725168166,121.78329603174512,0.0,A tiempo,3.4516,-76.5319
PED-00739,2024-11-28,Colombia,Teclado Mecánico,Medellín,4,4.0,42.43405797187162,182.1677536502428,0.0,A tiempo,6.2476,-75.5658
PED-00740,2024-02-05,Colombia,Laptop Pro,Medellín,7,7.0,42.28030209608135,305.9128295614611,0.0,A tiempo,6.2476,-75.5658
PED-00741,2024-11-29,Perú,Hub USB-C,Lima,8,8.0,46.65197012555498,43.349245626375705,0.0,A tiempo,-12.0464,-77.0428
PED-00742,2024-01-21,Perú,Mouse Ergonómico,Arequipa,6,6.0,32.060788868080365,74.28894468400208,0.0,A tiempo,-16.409,-71.5375
PED-00743,2024-01-16,Perú,Monitor 4K,Lima,9,9.0,44.33294891944947,81.64492619900012,0.0,A tiempo,-12.0464,-77.0428
PED-00744,2024-05-06,Perú,Mouse Ergonómico,Trujillo,7,,44.00178606082939,59.29660891146497,0.0,A tiempo,-8.115,-79.029
PED-00745,2024-04-12,Colombia,Mouse Ergonómico,Cali,4,5.0,23.42865037721942,134.40730553580627,9.274505332424855,Retrasado,3.4516,-76.5319
PED-00746,2024-11-01,Colombia,Teclado Mecánico,Bogotá,5,10.0,23.02281096101755,132.41040177501336,45.51687971678854,Retrasado,4.711,-74.0721
PED-00747,2024-11-14,México,Hub USB-C,CDMX,7,8.0,43.465371042751926,53.781928247293614,14.88389878639863,Retrasado,19.4326,-99.1332
PED-00748,2024-03-19,Colombia,Hub USB-C,Cali,5,8.0,26.1345838410224,129.0032417779003,29.094062270930387,Retrasado,3.4516,-76.5319
PED-00749,2024-05-02,Perú,Laptop Pro,Arequipa,7,5.0,43.64458901184443,361.07250654309064,0.0,A tiempo,-16.409,-71.5375
PED-00750,2024-03-05,Perú,Mouse Ergonómico,Arequipa,6,7.0,52.08322508625592,176.1023282091824,13.912294410314674,Retrasado,-16.409,-71.5375
PED-00751,2024-08-30,Chile,Monitor 4K,Santiago,10,9.0,53.60368715904861,214.6084809234385,0.0,A tiempo,-33.4489,-70.6693
PED-00752,2024-08-12,Colombia,Teclado Mecánico,Cali,4,2.0,20.893549128175103,63.9202940222721,0.0,A tiempo,3.4516,-76.5319
PED-00753,2024-02-28,Colombia,Mouse Ergonómico,Medellín,3,3.0,42.71065326007033,212.96881705580813,0.0,A tiempo,6.2476,-75.5658
PED-00754,2024-10-15,México,Monitor 4K,Monterrey,6,9.0,40.19937698159386,85.83174445964846,26.48749221989322,Retrasado,25.6866,-100.3161
PED-00755,2024-04-21,México,Laptop Pro,Guadalajara,5,8.0,33.82199386184663,276.30138178477944,43.3267102342136,Retrasado,20.6597,-103.3496
PED-00756,2024-08-26,Perú,Teclado Mecánico,Lima,6,7.0,53.807780713650516,113.0828949951138,10.895053841754255,Retrasado,-12.0464,-77.0428
PED-00757,2024-12-24,Chile,Hub USB-C,Concepción,8,6.0,41.825918655856604,76.71754663627951,0.0,A tiempo,-36.8201,-73.0444
PED-00758,2024-05-11,Colombia,Hub USB-C,Cali,4,4.0,33.21291470757388,115.96176562586105,0.0,A tiempo,3.4516,-76.5319
PED-00759,2024-07-07,Colombia,Mouse Ergonómico,Medellín,3,4.0,5.963313988994695,47.196912490507934,14.104110895781162,Retrasado,6.2476,-75.5658
PED-00760,2024-03-26,Chile,Teclado Mecánico,Valparaíso,8,9.0,63.924559414830675,90.44989591746263,7.739906004725901,Retrasado,-33.0472,-71.6127
PED-00761,2024-11-06,Colombia,Monitor 4K,Medellín,3,0.0,36.72293408040402,151.42328937446717,0.0,A tiempo,6.2476,-75.5658
PED-00762,2024-11-06,México,Laptop Pro,Monterrey,7,6.0,34.99523450836998,297.7175483427538,0.0,A tiempo,25.6866,-100.3161
PED-00763,2024-02-28,Chile,Laptop Pro,Concepción,8,8.0,35.21222876153715,305.6638314695953,0.0,A tiempo,-36.8201,-73.0444
PED-00764,2024-03-24,Colombia,Hub USB-C,Bogotá,5,7.0,46.72265904097527,119.01034418869246,24.39327851193423,Retrasado,4.711,-74.0721
PED-00765,2024-06-08,México,Hub USB-C,Guadalajara,5,1.0,42.626200965020416,146.8264651727064,0.0,A tiempo,20.6597,-103.3496
PED-00766,2024-02-25,México,Laptop Pro,CDMX,5,5.0,41.65815151267376,233.7910115124227,0.0,A tiempo,19.4326,-99.1332
PED-00767,2024-10-23,Perú,Hub USB-C,Lima,7,8.0,27.339479058507173,123.38096207349739,8.512196306675698,Retrasado,-12.0464,-77.0428
PED-00768,2024-01-14,Colombia,Laptop Pro,Medellín,4,7.0,26.492217943984457,289.27443443032945,24.416381204512945,Retrasado,6.2476,-75.5658
PED-00769,2024-06-08,Chile,Mouse Ergonómico,Concepción,10,12.0,47.722803851642475,106.66551581247354,23.68419341176741,Retrasado,-36.8201,-73.0444
PED-00770,2024-10-21,México,Monitor 4K,Monterrey,6,8.0,57.15493096769485,142.39800679049506,14.310865702090908,Retrasado,25.6866,-100.3161
PED-00771,2024-12-12,México,Teclado Mecánico,CDMX,5,5.0,36.00921571815525,52.232533943526235,0.0,A tiempo,19.4326,-99.1332
PED-00772,2024-11-07,Perú,Mouse Ergonómico,Trujillo,6,3.0,34.7971320775939,59.494222342276416,0.0,A tiempo,-8.115,-79.029
PED-00773,2024-07-22,Chile,Teclado Mecánico,Concepción,9,9.0,54.509626347764765,22.58280161144775,0.0,A tiempo,-36.8201,-73.0444
PED-00774,2024-04-11,Perú,Laptop Pro,Arequipa,7,10.0,60.06730071227065,278.0336423294489,44.101720801142086,Retrasado,-16.409,-71.5375
PED-00775,2024-02-08,México,Monitor 4K,Monterrey,6,10.0,34.28847648882117,153.21729377515265,37.268119146256765,Retrasado,25.6866,-100.3161
PED-00776,2024-10-30,Colombia,Mouse Ergonómico,Cali,3,5.0,40.81514086299741,95.17651246106122,29.386992288396506,Retrasado,3.4516,-76.5319
PED-00777,2024-12-19,Chile,Hub USB-C,Valparaíso,8,10.0,50.375418414868214,46.39500417380857,12.806470395356522,Retrasado,-33.0472,-71.6127
PED-00778,2024-11-17,Colombia,Teclado Mecánico,Medellín,3,4.0,40.91805339074646,80.57285021699812,10.87366779457486,Retrasado,6.2476,-75.5658
PED-00779,2024-05-04,Colombia,Teclado Mecánico,Bogotá,3,3.0,29.297796384823833,40.48553186037508,0.0,A tiempo,4.711,-74.0721
PED-00780,2024-02-22,Perú,Hub USB-C,Trujillo,8,8.0,24.777220825120494,54.99255593075353,0.0,A tiempo,-8.115,-79.029
PED-00781,2024-12-22,México,Mouse Ergonómico,Guadalajara,7,12.0,48.48032617683961,115.55275641054854,64.18514943804877,Retrasado,20.6597,-103.3496
PED-00782,2024-06-03,Colombia,Hub USB-C,Bogotá,4,,40.6014381867127,53.04506694775885,0.0,A tiempo,4.711,-74.0721
PED-00783,2024-12-16,Chile,Teclado Mecánico,Valparaíso,7,12.0,41.06253980916286,144.5053722081321,70.60322264381946,Retrasado,-33.0472,-71.6127
PED-00784,2024-11-03,Perú,Hub USB-C,Trujillo,7,7.0,46.12035031092548,97.15518836678656,0.0,A tiempo,-8.115,-79.029
PED-00785,2024-03-02,Chile,Teclado Mecánico,Valparaíso,9,13.0,48.23866496449022,103.42378815778102,44.51909366357441,Retrasado,-33.0472,-71.6127
PED-00786,2024-10-16,Colombia,Mouse Ergonómico,Bogotá,4,2.0,5.0,88.86508129568423,0.0,A tiempo,4.711,-74.0721
PED-00787,2024-01-22,Chile,Monitor 4K,Valparaíso,10,12.0,66.71347575437477,130.9139135417489,27.647930695327275,Retrasado,-33.0472,-71.6127
PED-00788,2024-06-26,Perú,Mouse Ergonómico,Arequipa,6,6.0,40.98624320102826,131.32639551108042,0.0,A tiempo,-16.409,-71.5375
PED-00789,2024-09-29,Perú,Hub USB-C,Trujillo,8,6.0,55.05735432472799,113.40217407648686,0.0,A tiempo,-8.115,-79.029
PED-00790,2024-08-07,México,Hub USB-C,CDMX,7,8.0,49.132988638517915,122.59156423630593,6.055756422194634,Retrasado,19.4326,-99.1332
PED-00791,2024-12-04,Chile,Mouse Ergonómico,Santiago,7,10.0,62.5761905635936,91.51641320318298,20.650406198683505,Retrasado,-33.4489,-70.6693
PED-00792,2024-07-08,Perú,Monitor 4K,Trujillo,7,6.0,54.06056122428081,121.68812027636194,0.0,A tiempo,-8.115,-79.029
PED-00793,2024-02-05,Perú,Teclado Mecánico,Lima,8,6.0,47.65075728479025,86.48488898104773,0.0,A tiempo,-12.0464,-77.0428
PED-00794,2024-09-16,México,Hub USB-C,Monterrey,5,5.0,41.0648490748072,100.08926488649608,0.0,A tiempo,25.6866,-100.3161
PED-00795,2024-11-27,Perú,Hub USB-C,Trujillo,7,,57.978507013821385,89.0142500253481,0.0,A tiempo,-8.115,-79.029
PED-00796,2024-06-23,Colombia,Mouse Ergonómico,Bogotá,4,6.0,11.265586960453831,81.71125842723217,16.47155208079024,Retrasado,4.711,-74.0721
PED-00797,2024-01-07,Chile,Teclado Mecánico,Valparaíso,8,11.0,56.45890420275892,72.43552809112839,25.23606217176461,Retrasado,-33.0472,-71.6127
PED-00798,2024-08-03,México,Teclado Mecánico,Guadalajara,6,6.0,39.00955248445128,118.70760415435542,0.0,A tiempo,20.6597,-103.3496
PED-00799,2024-09-07,Colombia,Hub USB-C,Medellín,4,9.0,42.5228366195664,152.42423651253853,48.349970976661005,Retrasado,6.2476,-75.5658
PED-00800,2024-02-24,Colombia,Teclado Mecánico,Bogotá,5,6.0,31.612995426626952,146.84407886678238,13.12033293025994,Retrasado,4.711,-74.0721
PED-00801,2024-08-09,Chile,Mouse Ergonómico,Concepción,7,7.0,56.44123767850109,49.737386562182586,0.0,A tiempo,-36.8201,-73.0444
PED-00802,2024-07-04,México,Monitor 4K,Guadalajara,5,,50.819888138247194,151.56812205627494,0.0,A tiempo,20.6597,-103.3496
PED-00803,2024-11-21,Perú,Laptop Pro,Arequipa,8,8.0,32.47622904859003,287.27365993528286,0.0,A tiempo,-16.409,-71.5375
PED-00804,2024-08-23,México,Monitor 4K,Monterrey,5,5.0,41.39270836604662,124.02932060582367,0.0,A tiempo,25.6866,-100.3161
PED-00805,2024-12-28,Perú,Mouse Ergonómico,Lima,7,10.0,56.72389337611382,63.75138671811156,34.68449143509496,Retrasado,-12.0464,-77.0428
PED-00806,2024-03-19,Chile,Monitor 4K,Concepción,9,11.0,51.66655817359844,105.67919655496021,27.098513130221423,Retrasado,-36.8201,-73.0444
PED-00807,2024-08-10,Chile,Laptop Pro,Valparaíso,8,,61.809899053056725,312.5489273158763,0.0,A tiempo,-33.0472,-71.6127
PED-00808,2024-03-31,Colombia,Monitor 4K,Cali,4,5.0,34.03274563037172,40.61580832321389,8.27191605828913,Retrasado,3.4516,-76.5319
PED-00809,2024-09-24,Colombia,Hub USB-C,Bogotá,5,7.0,20.3329810929734,124.33068665376757,20.7424149657348,Retrasado,4.711,-74.0721
PED-00810,2024-11-29,Colombia,Mouse Ergonómico,Bogotá,3,7.0,22.03935862279366,153.8374003135326,28.462912259572093,Retrasado,4.711,-74.0721
PED-00811,2024-05-18,Chile,Teclado Mecánico,Santiago,9,12.0,51.02917390523237,93.01408217273489,39.33468784762517,Retrasado,-33.4489,-70.6693
PED-00812,2024-11-11,Perú,Hub USB-C,Lima,6,8.0,26.859559339998945,154.4067252331205,25.472732900115215,Retrasado,-12.0464,-77.0428
PED-00813,2024-10-02,Chile,Hub USB-C,Santiago,7,8.0,66.73441885622985,92.4122602619037,6.452917119657816,Retrasado,-33.4489,-70.6693
PED-00814,2024-09-04,Chile,Laptop Pro,Concepción,8,9.0,54.41746736377557,333.98338124186466,9.638297318166321,Retrasado,-36.8201,-73.0444
PED-00815,2024-08-26,Colombia,monitor_4k,Cali,3,7.0,42.27034597048872,11.257201361956021,50.993110666184855,Retrasado,3.4516,-76.5319
PED-00816,2024-08-11,México,Mouse Ergonómico,CDMX,5,3.0,34.19396059190831,196.75111117253854,0.0,A tiempo,19.4326,-99.1332
PED-00817,2024-10-30,Colombia,Laptop Pro,Medellín,3,3.0,42.445651603552555,359.8183298097183,0.0,A tiempo,6.2476,-75.5658
PED-00818,2024-05-17,México,Laptop Pro,Monterrey,5,5.0,72.31498911027748,288.61497982985287,0.0,A tiempo,25.6866,-100.3161
PED-00819,2024-06-14,Perú,Monitor 4K,Lima,7,,36.79121644622683,21.116438934247284,11.08688760529318,Retrasado,-12.0464,-77.0428
PED-00820,2024-05-05,Perú,Mouse Ergonómico,Trujillo,7,11.0,57.71401794903767,111.52113473221956,26.10611920002428,Retrasado,-8.115,-79.029
PED-00821,2024-02-14,Perú,Hub USB-C,Trujillo,8,8.0,50.01109944687293,42.242978117049724,0.0,A tiempo,-8.115,-79.029
PED-00822,2024-05-22,Colombia,Mouse Ergonómico,Medellín,4,0.0,14.555661517517557,117.79414150229952,0.0,A tiempo,6.2476,-75.5658
PED-00823,2024-08-18,Colombia,Laptop Pro,Medellín,3,3.0,34.928839718518695,316.4626287665713,0.0,A tiempo,6.2476,-75.5658
PED-00824,2024-05-04,Colombia,Laptop Pro,Cali,6,9.0,38.33603204837348,262.343873239919,40.22666930134455,Retrasado,3.4516,-76.5319
PED-00825,2024-08-25,Chile,Teclado Mecánico,Valparaíso,8,10.0,43.98873447331153,144.83868094457512,11.002880461436204,Retrasado,-33.0472,-71.6127
PED-00826,2024-10-18,Colombia,Monitor 4K,Bogotá,3,5.0,41.65916520255223,132.22298811224692,17.932175986686897,Retrasado,4.711,-74.0721
PED-00827,2024-11-08,Chile,Teclado Mecánico,Santiago,9,9.0,33.33236593210802,139.03293349154254,0.0,A tiempo,-33.4489,-70.6693
PED-00828,2024-12-08,Perú,Laptop Pro,Arequipa,7,5.0,35.052438535503555,300.35430814675584,0.0,A tiempo,-16.409,-71.5375
PED-00829,2024-07-13,Colombia,Hub USB-C,Bogotá,4,6.0,31.365973955887522,43.37903732345174,28.23508664002954,Retrasado,4.711,-74.0721
PED-00830,2024-06-21,Chile,Laptop Pro,Valparaíso,8,7.0,50.25385277972272,339.11489088844553,0.0,A tiempo,-33.0472,-71.6127
PED-00831,2024-01-15,Perú,Mouse Ergonómico,Trujillo,6,12.0,42.834265115758946,89.18514403456835,33.835389851516325,Retrasado,-8.115,-79.029
PED-00832,2024-09-10,Perú,Mouse Ergonómico,Lima,9,11.0,58.09594435971886,44.408794272293235,24.293748988699083,Retrasado,-12.0464,-77.0428
PED-00833,2024-06-15,Colombia,Hub USB-C,Medellín,4,4.0,35.30894314215949,154.08157463897305,0.0,A tiempo,6.2476,-75.5658
PED-00834,2024-03-04,México,Hub USB-C,CDMX,9,9.0,58.581390709340155,183.9763008201004,0.0,A tiempo,19.4326,-99.1332
PED-00835,2024-09-06,México,Teclado Mecánico,CDMX,6,6.0,48.76863564647732,98.35007484083188,0.0,A tiempo,19.4326,-99.1332
PED-00836,2024-04-18,Perú,Hub USB-C,Trujillo,7,7.0,56.02580267978341,186.36484618413166,0.0,A tiempo,-8.115,-79.029
PED-00837,2024-06-30,México,Laptop Pro,Guadalajara,8,11.0,45.54349696970006,303.652589144454,30.022658242229582,Retrasado,20.6597,-103.3496
PED-00838,2024-05-12,México,Monitor 4K,Guadalajara,5,6.0,70.53818690086595,84.78176383334595,9.895609062276058,Retrasado,20.6597,-103.3496
PED-00839,2024-06-23,Chile,Mouse Ergonómico,Valparaíso,7,7.0,41.87454229878014,74.7816618325809,0.0,A tiempo,-33.0472,-71.6127
PED-00840,2024-05-23,Chile,Mouse Ergonómico,Concepción,7,12.0,71.05297429458312,165.4832963197097,35.281473776614064,Retrasado,-36.8201,-73.0444
PED-00841,2024-11-01,Chile,Laptop Pro,Concepción,7,8.0,50.34887947089408,268.7942447444891,12.557099224923927,Retrasado,-36.8201,-73.0444
PED-00842,2024-12-25,Perú,monitor_4k,Lima,8,10.0,36.24489110431257,129.41077239899948,19.026720654785773,Retrasado,-12.0464,-77.0428
PED-00843,2024-05-21,México,Hub USB-C,Guadalajara,6,6.0,63.68079350488601,77.63344659763166,0.0,A tiempo,20.6597,-103.3496
PED-00844,2024-10-11,Colombia,Teclado Mecánico,Cali,4,,31.25901388394959,81.58772949702548,7.608084271927763,Retrasado,3.4516,-76.5319
PED-00845,2024-06-01,México,Monitor 4K,CDMX,9,10.0,58.51124098380238,141.2099877587827,11.827438396270411,Retrasado,19.4326,-99.1332
PED-00846,2024-09-21,Perú,Laptop Pro,Lima,7,4.0,62.238559185425935,284.7985261484259,0.0,A tiempo,-12.0464,-77.0428
PED-00847,2024-04-07,Chile,Hub USB-C,Santiago,8,14.0,53.37955554145025,83.80818482318827,69.80749938096554,Retrasado,-33.4489,-70.6693
PED-00848,2024-02-13,Perú,Hub USB-C,Trujillo,10,14.0,44.077591551871855,145.3121878869923,54.85091630469579,Retrasado,-8.115,-79.029
PED-00849,2024-05-03,Chile,Hub USB-C,Santiago,7,7.0,59.7571337766925,163.8958917288649,0.0,A tiempo,-33.4489,-70.6693
PED-00850,2024-07-27,Perú,Monitor 4K,Arequipa,7,6.0,50.007555074545955,125.78759213136934,0.0,A tiempo,-16.409,-71.5375
PED-00851,2024-09-07,Colombia,Hub USB-C,Cali,4,5.0,36.85857818608419,73.80920897504203,11.001239399394965,Retrasado,3.4516,-76.5319
PED-00852,2024-11-10,Chile,Monitor 4K,Santiago,10,11.0,28.462694262085385,79.57566002809682,6.562613398113556,Retrasado,-33.4489,-70.6693
PED-00853,2024-05-03,Chile,Laptop Pro,Valparaíso,10,11.0,54.46981717009852,303.1966105496015,10.355258826955996,Retrasado,-33.0472,-71.6127
PED-00854,2024-12-19,México,teclado_mecánico,Guadalajara,6,7.0,43.6141417485497,112.8372024770263,7.304219718143372,Retrasado,20.6597,-103.3496
PED-00855,2024-08-31,Perú,Monitor 4K,Lima,7,9.0,66.5330963717853,60.48536359440912,24.874736299048912,Retrasado,-12.0464,-77.0428
PED-00856,2024-11-26,México,Laptop Pro,CDMX,5,9.0,56.23087347889095,328.92151758319454,41.12233687568498,Retrasado,19.4326,-99.1332
PED-00857,2024-12-30,Perú,Monitor 4K,Trujillo,6,8.0,52.398577458492966,103.42053318558396,18.224547252633208,Retrasado,-8.115,-79.029
PED-00858,2024-09-08,Colombia,Laptop Pro,Cali,3,2.0,34.86309993350221,231.37166725447483,0.0,A tiempo,3.4516,-76.5319
PED-00859,2024-08-17,México,Teclado Mecánico,CDMX,5,9.0,40.01559147123282,62.84294070157078,59.94793927365147,Retrasado,19.4326,-99.1332
PED-00860,2024-09-01,Chile,Mouse Ergonómico,Santiago,7,12.0,66.23256690528054,79.83485305393344,28.585526044246635,Retrasado,-33.4489,-70.6693
PED-00861,2024-02-17,Colombia,Teclado Mecánico,Bogotá,6,14.0,49.91370418416905,97.0856924463578,43.4848544457936,Retrasado,4.711,-74.0721
PED-00862,2024-05-30,Perú,Mouse Ergonómico,Trujillo,6,5.0,53.92913510548216,175.57115182015986,0.0,A tiempo,-8.115,-79.029
PED-00863,2024-04-23,Chile,Mouse Ergonómico,Santiago,8,9.0,65.90403568573639,109.52685224558513,14.710724586278197,Retrasado,-33.4489,-70.6693
PED-00864,2024-07-26,Perú,Hub USB-C,Arequipa,6,2.0,44.308518013274664,66.369124404055,0.0,A tiempo,-16.409,-71.5375
PED-00865,2024-12-20,Chile,Monitor 4K,Santiago,8,10.0,42.02886433775019,108.82523217228653,23.09855469544272,Retrasado,-33.4489,-70.6693
PED-00866,2024-05-04,Perú,Hub USB-C,Arequipa,8,8.0,50.40924748728923,85.91649010184476,0.0,A tiempo,-16.409,-71.5375
PED-00867,2024-06-05,Chile,Laptop Pro,Concepción,7,12.0,54.349410383678986,312.99032958134165,35.69808654203977,Retrasado,-36.8201,-73.0444
PED-00868,2024-12-05,Perú,Laptop Pro,Lima,7,7.0,46.060133187568795,323.2227074814246,0.0,A tiempo,-12.0464,-77.0428
PED-00869,2024-10-24,México,Laptop Pro,Guadalajara,5,2.0,55.37768190368484,348.36922588895754,0.0,A tiempo,20.6597,-103.3496
PED-00870,2024-07-07,Chile,Hub USB-C,Santiago,8,8.0,53.06389482073414,99.02854017319896,0.0,A tiempo,-33.4489,-70.6693
PED-00871,2024-08-30,Chile,Teclado Mecánico,Santiago,9,6.0,40.01693224708945,165.55842110399334,0.0,A tiempo,-33.4489,-70.6693
PED-00872,2024-10-10,México,Hub USB-C,CDMX,5,7.0,55.18793017451721,136.32090650144767,21.462558465451295,Retrasado,19.4326,-99.1332
PED-00873,2024-09-28,Perú,Hub USB-C,Arequipa,6,2.0,58.63528242521521,71.7024182075125,0.0,A tiempo,-16.409,-71.5375
PED-00874,2024-06-25,Chile,Teclado Mecánico,Concepción,7,8.0,51.71469317590391,188.39422662993854,8.66667177874633,Retrasado,-36.8201,-73.0444
PED-00875,2024-08-05,México,Teclado Mecánico,Guadalajara,5,1.0,61.52648103261693,113.0797805308039,0.0,A tiempo,20.6597,-103.3496
PED-00876,2024-10-08,Perú,Teclado Mecánico,Lima,7,7.0,37.82596206503048,66.5950198411106,0.0,A tiempo,-12.0464,-77.0428
PED-00877,2024-06-18,Chile,Monitor 4K,Santiago,10,15.0,54.67950422131852,166.11652204921688,32.522427538660814,Retrasado,-33.4489,-70.6693
PED-00878,2024-06-29,Chile,Hub USB-C,Santiago,7,8.0,38.29719293603225,183.11110340793778,9.659667481861367,Retrasado,-33.4489,-70.6693
PED-00879,2024-12-25,Perú,Monitor 4K,Arequipa,7,6.0,38.85918641766912,98.67898945121757,0.0,A tiempo,-16.409,-71.5375
PED-00880,2024-08-20,México,Mouse Ergonómico,Monterrey,6,6.0,43.6906916626221,79.85398958497615,0.0,A tiempo,25.6866,-100.3161
PED-00881,2024-05-18,Chile,Mouse Ergonómico,Concepción,9,10.0,40.579398164257555,93.10500170185352,9.58768289956593,Retrasado,-36.8201,-73.0444
PED-00882,2024-05-06,Perú,Hub USB-C,Trujillo,6,8.0,44.52004181258862,128.58926910070798,21.87213652098335,Retrasado,-8.115,-79.029
PED-00883,2024-05-08,Chile,Laptop Pro,Valparaíso,8,6.0,47.85849689288811,351.1142662012206,0.0,A tiempo,-33.0472,-71.6127
PED-00884,2024-04-28,Perú,Teclado Mecánico,Arequipa,8,10.0,58.371544863313844,122.81949323454293,22.918330528110282,Retrasado,-16.409,-71.5375
PED-00885,2024-03-02,Chile,Monitor 4K,Santiago,8,3.0,46.78840961294298,104.06892833887079,0.0,A tiempo,-33.4489,-70.6693
PED-00886,2024-04-08,Colombia,Mouse Ergonómico,Cali,3,3.0,14.143742932304074,159.9204708121771,0.0,A tiempo,3.4516,-76.5319
PED-00887,2024-10-06,México,hub_usb-c,Guadalajara,5,5.0,61.4006784649516,87.48654107793911,0.0,A tiempo,20.6597,-103.3496
PED-00888,2024-03-02,México,Laptop Pro,Guadalajara,6,8.0,41.629098663849604,341.2367735346763,21.245650055350456,Retrasado,20.6597,-103.3496
PED-00889,2024-10-01,Colombia,Hub USB-C,Bogotá,4,5.0,29.412795728953714,88.47748806594885,7.5209865956229995,Retrasado,4.711,-74.0721
PED-00890,2024-12-19,Perú,laptop_pro,Arequipa,6,4.0,54.46536506940711,317.24091832043575,0.0,A tiempo,-16.409,-71.5375
PED-00891,2024-04-04,México,Hub USB-C,CDMX,5,4.0,51.99610418402783,95.45749740838194,0.0,A tiempo,19.4326,-99.1332
PED-00892,2024-04-08,Perú,Teclado Mecánico,Lima,9,10.0,60.941795475214754,97.76591269388757,8.316902516733856,Retrasado,-12.0464,-77.0428
PED-00893,2024-04-20,Chile,Teclado Mecánico,Concepción,7,7.0,54.79003143392759,84.9045393015116,0.0,A tiempo,-36.8201,-73.0444
PED-00894,2024-09-04,Colombia,Laptop Pro,Bogotá,4,4.0,21.38690420302892,353.79416124722775,0.0,A tiempo,4.711,-74.0721
PED-00895,2024-05-21,Perú,Hub USB-C,Arequipa,7,7.0,71.78562173991662,70.6829584756586,0.0,A tiempo,-16.409,-71.5375
PED-00896,2024-10-28,Perú,Teclado Mecánico,Lima,7,9.0,51.943334633382335,70.39070989805167,22.288200186343317,Retrasado,-12.0464,-77.0428
PED-00897,2024-09-25,México,Hub USB-C,CDMX,5,5.0,48.52659773378494,184.83974263380438,0.0,A tiempo,19.4326,-99.1332
PED-00898,2024-11-01,Chile,Hub USB-C,Valparaíso,8,8.0,59.63925423055571,139.11390258617325,0.0,A tiempo,-33.0472,-71.6127
PED-00899,2024-05-24,México,Teclado Mecánico,CDMX,6,12.0,52.49450945930072,4.595452052278546,37.26831443093409,Retrasado,19.4326,-99.1332
PED-00900,2024-02-21,Chile,Mouse Ergonómico,Valparaíso,8,6.0,53.99228192939327,77.38965043158386,0.0,A tiempo,-33.0472,-71.6127
PED-00901,2024-04-09,México,Mouse Ergonómico,CDMX,8,5.0,74.92183998600687,27.520426497517832,0.0,A tiempo,19.4326,-99.1332
PED-00902,2024-05-31,Perú,Hub USB-C,Trujillo,7,9.0,47.248785717449536,61.97237226338979,29.966138607639763,Retrasado,-8.115,-79.029
PED-00903,2024-04-26,Perú,Mouse Ergonómico,Arequipa,6,6.0,46.82239105982604,-25.540586649361586,0.0,A tiempo,-16.409,-71.5375
PED-00904,2024-07-03,Colombia,Monitor 4K,Cali,4,4.0,31.16578512012464,94.52041689224231,0.0,A tiempo,3.4516,-76.5319
PED-00905,2024-04-01,Perú,Teclado Mecánico,Lima,8,8.0,60.715159355810385,54.32232723354754,0.0,A tiempo,-12.0464,-77.0428
PED-00906,2024-06-03,Perú,Mouse Ergonómico,Arequipa,9,9.0,34.93465969809601,102.39621027185754,0.0,A tiempo,-16.409,-71.5375
PED-00907,2024-01-08,Perú,Mouse Ergonómico,Lima,6,,30.344441085234948,34.99514964469901,20.61660664306157,Retrasado,-12.0464,-77.0428
PED-00908,2024-12-28,Perú,Hub USB-C,Trujillo,7,10.0,44.12884729379852,103.3164741268816,39.50581441623067,Retrasado,-8.115,-79.029
PED-00909,2024-09-30,Colombia,Laptop Pro,Bogotá,5,8.0,13.660770409407128,283.4033488751869,24.015802717154877,Retrasado,4.711,-74.0721
PED-00910,2024-03-05,Chile,Mouse Ergonómico,Santiago,7,5.0,45.75168652474362,160.07811860754384,0.0,A tiempo,-33.4489,-70.6693
PED-00911,2024-05-20,Colombia,Laptop Pro,Bogotá,3,2.0,35.0249969612929,356.454274469825,0.0,A tiempo,4.711,-74.0721
PED-00912,2024-01-24,Colombia,Teclado Mecánico,Cali,4,0.0,21.092511364477364,131.41382412041133,0.0,A tiempo,3.4516,-76.5319
PED-00913,2024-01-28,México,Laptop Pro,Guadalajara,5,4.0,35.731734232186575,286.9354487735515,0.0,A tiempo,20.6597,-103.3496
PED-00914,2024-10-10,Chile,Mouse Ergonómico,Valparaíso,7,10.0,50.69337161715348,179.41521581041172,23.6666189812268,Retrasado,-33.0472,-71.6127
PED-00915,2024-05-29,México,Monitor 4K,CDMX,7,9.0,58.625434846151705,37.87858888640717,13.444366444140654,Retrasado,19.4326,-99.1332
PED-00916,2024-12-23,Colombia,Monitor 4K,Bogotá,3,3.0,13.050265614833872,43.85765481745349,0.0,A tiempo,4.711,-74.0721
PED-00917,2024-03-05,Perú,Teclado Mecánico,Arequipa,6,6.0,58.20232398305984,96.64867600443742,0.0,A tiempo,-16.409,-71.5375
PED-00918,2024-11-22,Chile,Mouse Ergonómico,Santiago,9,9.0,58.17306203738326,190.16152435684478,0.0,A tiempo,-33.4489,-70.6693
PED-00919,2024-09-08,Perú,Teclado Mecánico,Lima,6,7.0,59.54085102156628,91.9064437251965,7.959369676715412,Retrasado,-12.0464,-77.0428
PED-00920,2024-02-22,Colombia,Hub USB-C,Bogotá,3,5.0,42.18480214871686,92.67019027162873,14.896179228242667,Retrasado,4.711,-74.0721
PED-00921,2024-01-07,Colombia,Hub USB-C,Bogotá,5,2.0,52.02013924659616,42.32358575552763,0.0,A tiempo,4.711,-74.0721
PED-00922,2024-10-20,Colombia,Laptop Pro,Bogotá,3,4.0,26.439079513809446,337.83718341081516,6.366950744890363,Retrasado,4.711,-74.0721
PED-00923,2024-05-25,Chile,Teclado Mecánico,Concepción,7,10.0,51.09571580077858,138.12705017317415,31.539916490769038,Retrasado,-36.8201,-73.0444
PED-00924,2024-08-28,México,Monitor 4K,Guadalajara,6,6.0,45.83561566751975,131.5630080559964,0.0,A tiempo,20.6597,-103.3496
PED-00925,2024-09-02,México,Teclado Mecánico,Guadalajara,7,9.0,50.01976844755811,74.83117308610551,24.110053213262745,Retrasado,20.6597,-103.3496
PED-00926,2024-08-13,Perú,Laptop Pro,Arequipa,6,14.0,65.32873355636312,271.73172926507976,94.41706967469344,Retrasado,-16.409,-71.5375
PED-00927,2024-06-23,Chile,Mouse Ergonómico,Valparaíso,7,7.0,36.54985516069331,48.27510998380119,0.0,A tiempo,-33.0472,-71.6127
PED-00928,2024-04-04,Perú,Teclado Mecánico,Trujillo,8,9.0,41.38950327834424,103.35490007043734,8.303110053968465,Retrasado,-8.115,-79.029
PED-00929,2024-01-27,Perú,Laptop Pro,Arequipa,7,7.0,63.77180936504561,256.7837068288599,0.0,A tiempo,-16.409,-71.5375
PED-00930,2024-05-09,México,Hub USB-C,Guadalajara,7,8.0,60.2003650690209,52.903339790028454,8.494476407836284,Retrasado,20.6597,-103.3496
PED-00931,2024-09-01,Chile,Monitor 4K,Santiago,9,11.0,46.36868353182922,83.05237132357297,14.25246379238626,Retrasado,-33.4489,-70.6693
PED-00932,2024-02-28,Colombia,Mouse Ergonómico,Bogotá,6,7.0,38.544020011207195,80.43375299263136,8.743361536967395,Retrasado,4.711,-74.0721
PED-00933,2024-02-03,Perú,Teclado Mecánico,Lima,6,5.0,53.412158424920335,78.4808588471218,0.0,A tiempo,-12.0464,-77.0428
PED-00934,2024-07-24,Colombia,Teclado Mecánico,Cali,4,5.0,45.00274609000988,118.65778387361046,5.883127212185778,Retrasado,3.4516,-76.5319
PED-00935,2024-09-08,Chile,Monitor 4K,Valparaíso,8,12.0,50.745095938267724,103.16191208601117,53.20555609106614,Retrasado,-33.0472,-71.6127
PED-00936,2024-02-07,Perú,Hub USB-C,Trujillo,7,9.0,60.25632113872582,88.4737587795553,27.062227783140727,Retrasado,-8.115,-79.029
PED-00937,2024-10-22,Colombia,Teclado Mecánico,Medellín,4,7.0,56.4201191049262,107.32051713245929,21.592509005006384,Retrasado,6.2476,-75.5658
PED-00938,2024-11-18,Colombia,Monitor 4K,Medellín,3,3.0,35.98099155047466,60.33891835581471,0.0,A tiempo,6.2476,-75.5658
PED-00939,2024-12-17,México,Monitor 4K,CDMX,5,7.0,50.49328165794844,104.21114495638712,24.77654874702359,Retrasado,19.4326,-99.1332
PED-00940,2024-01-28,Chile,Mouse Ergonómico,Santiago,9,10.0,57.22446985220979,106.02409971378535,7.115286258634137,Retrasado,-33.4489,-70.6693
PED-00941,2024-03-18,Chile,Monitor 4K,Concepción,11,10.0,46.34719141796115,39.878125625700775,0.0,A tiempo,-36.8201,-73.0444
PED-00942,2024-03-17,Chile,Monitor 4K,Concepción,8,9.0,73.87967705524733,139.82775017481447,5.641352522373833,Retrasado,-36.8201,-73.0444
PED-00943,2024-10-15,Perú,Monitor 4K,Lima,9,8.0,51.80071037695981,64.74265179092018,0.0,A tiempo,-12.0464,-77.0428
PED-00944,2024-06-04,México,Teclado Mecánico,Guadalajara,5,5.0,47.27066679774487,103.6123919682574,0.0,A tiempo,20.6597,-103.3496
PED-00945,2024-02-13,Perú,Monitor 4K,Lima,9,10.0,41.64310994979964,146.5764696214108,13.04396446915202,Retrasado,-12.0464,-77.0428
PED-00946,2024-05-07,Chile,Monitor 4K,Concepción,7,8.0,60.972201916064385,137.02707030855478,7.070848248877104,Retrasado,-36.8201,-73.0444
PED-00947,2024-03-01,Perú,Monitor 4K,Arequipa,6,5.0,58.67187412827739,101.37333554275342,0.0,A tiempo,-16.409,-71.5375
PED-00948,2024-10-12,Colombia,Monitor 4K,Cali,5,8.0,25.02645628585907,85.50003988471725,19.027152572812305,Retrasado,3.4516,-76.5319
PED-00949,2024-08-01,Perú,Hub USB-C,Lima,8,10.0,55.764513451224225,137.9004763430227,11.483452605698448,Retrasado,-12.0464,-77.0428
PED-00950,2024-11-06,Perú,Teclado Mecánico,Trujillo,7,7.0,34.91444031787144,126.98779911234479,0.0,A tiempo,-8.115,-79.029
PED-00951,2024-11-01,Chile,Monitor 4K,Valparaíso,8,6.0,51.849705750731566,75.2653991982348,0.0,A tiempo,-33.0472,-71.6127
PED-00952,2024-11-12,Colombia,Laptop Pro,Medellín,5,5.0,34.52756352076695,268.2042541199324,0.0,A tiempo,6.2476,-75.5658
PED-00953,2024-04-25,Chile,Laptop Pro,Valparaíso,9,9.0,67.07329809559224,217.10579273216007,0.0,A tiempo,-33.0472,-71.6127
PED-00954,2024-09-24,Colombia,Laptop Pro,Bogotá,4,5.0,22.291811972713106,306.1612736673435,13.400771596877242,Retrasado,4.711,-74.0721
PED-00955,2024-07-13,Colombia,Mouse Ergonómico,Cali,3,3.0,17.216473711976757,96.69209019926406,0.0,A tiempo,3.4516,-76.5319
PED-00956,2024-08-18,Colombia,Hub USB-C,Bogotá,5,1.0,21.045720390749583,145.4476549857017,0.0,A tiempo,4.711,-74.0721
PED-00957,2024-08-14,Chile,Laptop Pro,Santiago,8,8.0,36.634314996850804,314.3622037392147,0.0,A tiempo,-33.4489,-70.6693
PED-00958,2024-06-01,Colombia,Hub USB-C,Bogotá,3,3.0,43.36657357758983,153.36916776690762,0.0,A tiempo,4.711,-74.0721
PED-00959,2024-10-28,México,Laptop Pro,Guadalajara,7,9.0,65.48639295024037,272.10543088335316,17.51518695607926,Retrasado,20.6597,-103.3496
PED-00960,2024-08-07,México,Mouse Ergonómico,CDMX,5,5.0,53.20216577948829,145.52601323870473,0.0,A tiempo,19.4326,-99.1332
PED-00961,2024-06-05,México,Teclado Mecánico,Guadalajara,5,10.0,62.21294945685148,78.8433448358138,58.2702396319127,Retrasado,20.6597,-103.3496
PED-00962,2024-10-18,México,Hub USB-C,Monterrey,7,4.0,51.339583805802356,131.10384247169088,0.0,A tiempo,25.6866,-100.3161
PED-00963,2024-11-13,Chile,Teclado Mecánico,Concepción,8,12.0,49.04888352299234,41.64966429877226,28.057859265831752,Retrasado,-36.8201,-73.0444
PED-00964,2024-01-31,Perú,Mouse Ergonómico,Trujillo,7,7.0,46.66962380946239,109.40541197464754,0.0,A tiempo,-8.115,-79.029
PED-00965,2024-11-08,Perú,Hub USB-C,Lima,7,10.0,46.89609008622435,20.612482342163602,24.640569174456758,Retrasado,-12.0464,-77.0428
PED-00966,2024-02-20,México,Teclado Mecánico,Monterrey,5,6.0,34.52198443690969,89.31450056232981,14.895648082378068,Retrasado,25.6866,-100.3161
PED-00967,2024-04-16,Perú,Mouse Ergonómico,Trujillo,6,9.0,52.64254763607339,117.61415975511655,19.730660162194418,Retrasado,-8.115,-79.029
PED-00968,2024-11-16,México,Monitor 4K,Guadalajara,5,5.0,49.596660897859564,79.16125795075617,0.0,A tiempo,20.6597,-103.3496
PED-00969,2024-04-18,México,Hub USB-C,CDMX,7,6.0,57.45360724077876,57.98249484976131,0.0,A tiempo,19.4326,-99.1332
PED-00970,2024-05-15,Perú,Teclado Mecánico,Arequipa,7,11.0,50.9352349643861,133.84473877183734,37.30569922416144,Retrasado,-16.409,-71.5375
PED-00971,2024-12-04,Perú,Mouse Ergonómico,Lima,8,8.0,48.37296298430908,95.86148840612306,0.0,A tiempo,-12.0464,-77.0428
PED-00972,2024-02-11,Colombia,Monitor 4K,Bogotá,4,5.0,21.288069699923692,80.41717411877313,14.863557955057411,Retrasado,4.711,-74.0721
PED-00973,2024-03-21,México,Hub USB-C,CDMX,5,9.0,50.721532368217616,101.67583684617107,37.01232601204613,Retrasado,19.4326,-99.1332
PED-00974,2024-05-02,Perú,Monitor 4K,Lima,7,6.0,57.38237230816162,205.46676567782356,0.0,A tiempo,-12.0464,-77.0428
PED-00975,2024-03-29,Perú,Laptop Pro,Trujillo,7,9.0,38.566610089161394,346.1401139912617,11.090793213503014,Retrasado,-8.115,-79.029
PED-00976,2024-10-09,Perú,Hub USB-C,Arequipa,7,7.0,50.874737536807395,146.5029467275136,0.0,A tiempo,-16.409,-71.5375
PED-00977,2024-02-08,Colombia,Mouse Ergonómico,Medellín,4,4.0,32.33042951529484,117.42185275969456,0.0,A tiempo,6.2476,-75.5658
PED-00978,2024-03-21,México,Mouse Ergonómico,CDMX,6,7.0,42.819352163817356,106.65941090308588,9.040201028628136,Retrasado,19.4326,-99.1332
PED-00979,2024-01-02,México,Hub USB-C,CDMX,6,4.0,44.12143695092,4.156708466783357,0.0,A tiempo,19.4326,-99.1332
PED-00980,2024-07-28,Chile,Laptop Pro,Concepción,9,9.0,52.306108487662144,272.8407861414747,0.0,A tiempo,-36.8201,-73.0444
PED-00981,2024-08-18,Colombia,Hub USB-C,Bogotá,5,9.0,18.665789817073772,80.77702347190102,20.506313139366487,Retrasado,4.711,-74.0721
PED-00982,2024-12-18,Colombia,Teclado Mecánico,Bogotá,3,6.0,33.499237152493926,25.00431743809868,15.036108417270539,Retrasado,4.711,-74.0721
PED-00983,2024-10-31,México,Mouse Ergonómico,Guadalajara,5,5.0,41.046456263408004,53.703368391382654,0.0,A tiempo,20.6597,-103.3496
PED-00984,2024-08-28,Chile,Monitor 4K,Valparaíso,10,11.0,60.62853693033216,20.766541163094644,6.890170673345542,Retrasado,-33.0472,-71.6127
PED-00985,2024-05-29,Chile,Mouse Ergonómico,Valparaíso,8,8.0,73.378277453883,98.4670465721051,0.0,A tiempo,-33.0472,-71.6127
PED-00986,2024-01-17,México,Laptop Pro,CDMX,5,9.0,41.392431982981805,332.7506388339526,46.13086263330975,Retrasado,19.4326,-99.1332
PED-00987,2024-04-28,Perú,Hub USB-C,Arequipa,7,7.0,55.342078623746744,144.27098074497314,0.0,A tiempo,-16.409,-71.5375
PED-00988,2024-05-27,Colombia,Mouse Ergonómico,Medellín,3,4.0,22.732580951179806,116.59137848316965,8.134055614745563,Retrasado,6.2476,-75.5658
PED-00989,2024-12-27,Chile,Teclado Mecánico,Valparaíso,11,14.0,60.4095417379779,61.46414635205724,19.482957064260574,Retrasado,-33.0472,-71.6127
PED-00990,2024-05-24,Perú,Laptop Pro,Trujillo,7,7.0,37.34741590914785,222.7173936592016,0.0,A tiempo,-8.115,-79.029
PED-00991,2024-12-25,Chile,Laptop Pro,Valparaíso,8,12.0,54.805867584277124,229.72525202393993,46.47060618909583,Retrasado,-33.0472,-71.6127
PED-00992,2024-08-20,Perú,Monitor 4K,Lima,7,5.0,41.27011033110647,49.24069690982006,0.0,A tiempo,-12.0464,-77.0428
PED-00993,2024-02-06,Perú,Mouse Ergonómico,Lima,7,12.0,47.930154109016314,64.44561207857302,37.76156084592827,Retrasado,-12.0464,-77.0428
PED-00994,2024-12-17,Colombia,Hub USB-C,Cali,4,4.0,19.689747248526928,93.61006008033654,0.0,A tiempo,3.4516,-76.5319
PED-00995,2024-04-29,Chile,Laptop Pro,Santiago,7,,58.223504708957535,259.43343127492125,0.0,A tiempo,-33.4489,-70.6693
PED-00996,2024-05-15,Chile,Teclado Mecánico,Concepción,7,4.0,41.63019645560413,113.55903574673046,0.0,A tiempo,-36.8201,-73.0444
PED-00997,2024-11-16,Perú,Teclado Mecánico,Lima,6,6.0,55.519642593318274,90.70905988802109,0.0,A tiempo,-12.0464,-77.0428
PED-00998,2024-10-28,México,Hub USB-C,CDMX,5,4.0,46.55901971737667,100.42182846964103,0.0,A tiempo,19.4326,-99.1332
PED-00999,2024-12-04,Chile,Teclado Mecánico,Santiago,8,8.0,48.855276282011374,145.6100221068482,0.0,A tiempo,-33.4489,-70.6693
PED-01000,2024-04-11,Colombia,Monitor 4K,Medellín,4,4.0,31.477559074001285,52.7907306319852,0.0,A tiempo,6.2476,-75.5658
PED-01001,2024-08-05,México,Hub USB-C,Guadalajara,6,9.0,42.38175328341151,116.74818313169473,33.16710821681791,Retrasado,20.6597,-103.3496
PED-01002,2024-02-28,Chile,Teclado Mecánico,Santiago,9,10.0,52.10367113540887,99.44107086095707,11.798728739471748,Retrasado,-33.4489,-70.6693
PED-01003,2024-10-05,Colombia,Monitor 4K,Bogotá,3,4.0,45.30334564354411,86.6605487612122,11.4293120816076,Retrasado,4.711,-74.0721
PED-01004,2024-04-25,México,Teclado Mecánico,CDMX,6,5.0,42.219052141672854,135.4102528346384,0.0,A tiempo,19.4326,-99.1332
PED-01005,2024-11-27,Chile,Mouse Ergonómico,Concepción,8,7.0,61.71810143273845,135.1605661822803,0.0,A tiempo,-36.8201,-73.0444
PED-01006,2024-03-17,Colombia,Hub USB-C,Medellín,3,8.0,44.980976334877845,62.14036816046288,31.722852038353224,Retrasado,6.2476,-75.5658
PED-01007,2024-05-16,México,Teclado Mecánico,Guadalajara,6,6.0,41.83845010971956,92.71357664568303,0.0,A tiempo,20.6597,-103.3496
PED-01008,2024-03-13,Chile,Teclado Mecánico,Concepción,8,13.0,35.449453949094476,111.24846730336262,58.1214986710676,Retrasado,-36.8201,-73.0444
PED-01009,2024-02-06,México,Monitor 4K,Monterrey,6,6.0,53.01960900171765,89.07973007909662,0.0,A tiempo,25.6866,-100.3161
PED-01010,2024-01-31,Perú,Mouse Ergonómico,Arequipa,7,8.0,44.52592477233127,123.40085329151194,10.310031297429624,Retrasado,-16.409,-71.5375
PED-01011,2024-03-25,Perú,Mouse Ergonómico,Lima,9,12.0,68.68603219163002,111.24768071641101,35.488932560660615,Retrasado,-12.0464,-77.0428
PED-01012,2024-06-06,México,Monitor 4K,Guadalajara,5,9.0,50.34807540499832,173.30244961424052,45.49563401493197,Retrasado,20.6597,-103.3496
PED-01013,2024-10-31,Perú,Mouse Ergonómico,Trujillo,6,6.0,41.97800591964821,38.788834562808496,0.0,A tiempo,-8.115,-79.029
PED-01014,2024-10-18,Perú,Teclado Mecánico,Arequipa,6,6.0,38.528404889882886,95.1025604101041,0.0,A tiempo,-16.409,-71.5375
PED-01015,2024-05-27,México,Teclado Mecánico,CDMX,5,,60.899049590908305,63.65989953951236,0.0,A tiempo,19.4326,-99.1332
PED-01016,2024-08-12,Perú,Mouse Ergonómico,Lima,7,8.0,44.28816025915813,124.16429821756176,7.487071559664678,Retrasado,-12.0464,-77.0428
PED-01017,2024-03-04,México,Teclado Mecánico,Monterrey,5,8.0,50.43828799460428,35.31312439817822,35.34547753767204,Retrasado,25.6866,-100.3161
PED-01018,2024-08-27,México,Mouse Ergonómico,CDMX,6,7.0,59.55802745112481,113.85250840899546,14.021941183826756,Retrasado,19.4326,-99.1332
PED-01019,2024-12-18,Perú,Monitor 4K,Lima,7,9.0,45.157416480691694,74.79806274606636,17.714646557996666,Retrasado,-12.0464,-77.0428
PED-01020,2024-06-04,Chile,Hub USB-C,Santiago,8,13.0,49.540711712598394,70.63352535515943,63.95520936693232,Retrasado,-33.4489,-70.6693
PED-01021,2024-12-24,México,Monitor 4K,Guadalajara,5,6.0,49.8343159017748,42.14007185837251,12.247893011954353,Retrasado,20.6597,-103.3496
PED-01022,2024-07-25,México,Hub USB-C,Monterrey,6,7.0,56.83324511516092,81.39696215195976,5.595261968718225,Retrasado,25.6866,-100.3161
PED-01023,2024-05-19,Chile,Monitor 4K,Santiago,8,6.0,55.907443355103254,143.38002121163703,0.0,A tiempo,-33.4489,-70.6693
PED-01024,2024-09-13,Perú,Laptop Pro,Arequipa,6,1.0,47.79886268745172,298.9924526588208,0.0,A tiempo,-16.409,-71.5375
PED-01025,2024-10-03,Colombia,Teclado Mecánico,Bogotá,4,5.0,30.636490614965176,125.10721671497897,14.673191722305912,Retrasado,4.711,-74.0721
PED-01026,2024-09-09,Chile,Monitor 4K,Santiago,9,9.0,46.282209884765116,166.585672878651,0.0,A tiempo,-33.4489,-70.6693
PED-01027,2024-08-12,Colombia,Hub USB-C,Medellín,4,4.0,15.223875930805553,110.55022339290304,0.0,A tiempo,6.2476,-75.5658
PED-01028,2024-02-11,Perú,Mouse Ergonómico,Trujillo,7,8.0,52.57600857398129,77.64801711750637,6.217519976476784,Retrasado,-8.115,-79.029
PED-01029,2024-11-02,México,Mouse Ergonómico,Monterrey,7,7.0,68.92191760833067,118.6900886073116,0.0,A tiempo,25.6866,-100.3161
PED-01030,2024-01-21,México,Monitor 4K,CDMX,6,9.0,41.16280859308937,78.22815414742833,25.346675225195497,Retrasado,19.4326,-99.1332
PED-01031,2024-08-09,Perú,Monitor 4K,Arequipa,7,8.0,42.26970290397297,79.82309266811322,5.349058590731093,Retrasado,-16.409,-71.5375
PED-01032,2024-06-14,Perú,Monitor 4K,Lima,8,8.0,41.29272228356258,39.20428801524061,0.0,A tiempo,-12.0464,-77.0428
PED-01033,2024-11-05,Perú,Mouse Ergonómico,Lima,6,9.0,57.24591778723123,137.0502996433757,26.635352990575406,Retrasado,-12.0464,-77.0428
PED-01034,2024-05-08,Perú,Laptop Pro,Trujillo,6,6.0,54.4848545419644,284.5598969740224,0.0,A tiempo,-8.115,-79.029
PED-01035,2024-01-14,Perú,Monitor 4K,Arequipa,6,8.0,48.414623075835436,107.28392983263448,26.038407845119654,Retrasado,-16.409,-71.5375
PED-01036,2024-02-16,Perú,Mouse Ergonómico,Lima,6,6.0,40.81980938361035,58.561522855734424,0.0,A tiempo,-12.0464,-77.0428
PED-01037,2024-04-27,Perú,Mouse Ergonómico,Arequipa,8,8.0,50.92376791639924,117.4379051886189,0.0,A tiempo,-16.409,-71.5375
PED-01038,2024-12-11,México,Monitor 4K,Monterrey,5,6.0,34.353778726641956,69.52235047459665,13.224223100162773,Retrasado,25.6866,-100.3161
PED-01039,2024-10-21,Colombia,Hub USB-C,Bogotá,5,6.0,31.43426566857493,94.33165113192703,7.164905672661174,Retrasado,4.711,-74.0721
PED-01040,2024-10-27,Colombia,Hub USB-C,Medellín,5,7.0,38.71524386087934,135.11304124956504,15.27145901837202,Retrasado,6.2476,-75.5658
PED-01041,2024-01-11,México,Teclado Mecánico,Guadalajara,6,6.0,37.48800863366322,131.63037248930118,0.0,A tiempo,20.6597,-103.3496
PED-01042,2024-12-10,Chile,Mouse Ergonómico,Santiago,7,4.0,34.674817231703365,99.11879709932238,0.0,A tiempo,-33.4489,-70.6693
PED-01043,2024-05-17,Colombia,Teclado Mecánico,Cali,6,6.0,45.794378916948595,29.274758691731265,0.0,A tiempo,3.4516,-76.5319
PED-01044,2024-10-22,Chile,Teclado Mecánico,Valparaíso,8,10.0,43.88240360495415,219.71242280242564,24.336744134678053,Retrasado,-33.0472,-71.6127
PED-01045,2024-01-21,México,Hub USB-C,Monterrey,6,6.0,61.35947845943822,169.83435881092544,0.0,A tiempo,25.6866,-100.3161
PED-01046,2024-03-30,Chile,Hub USB-C,Santiago,9,9.0,48.460023348021686,128.90699299553194,0.0,A tiempo,-33.4489,-70.6693
PED-01047,2024-08-28,México,Laptop Pro,Monterrey,5,8.0,48.38045183058672,269.8718487363612,26.629797016763973,Retrasado,25.6866,-100.3161
PED-01048,2024-09-22,Perú,Mouse Ergonómico,Lima,7,7.0,54.38412699496645,95.45631353192141,0.0,A tiempo,-12.0464,-77.0428
PED-01049,2024-11-29,Perú,Laptop Pro,Lima,6,4.0,41.1600114325356,278.26318280893935,0.0,A tiempo,-12.0464,-77.0428
PED-01050,2024-08-14,Colombia,Monitor 4K,Cali,3,3.0,31.324971434956456,150.55423756385554,0.0,A tiempo,3.4516,-76.5319
PED-01051,2024-05-22,Colombia,Laptop Pro,Cali,3,3.0,26.185105851759072,310.5001156340734,0.0,A tiempo,3.4516,-76.5319
PED-01052,2024-04-02,Chile,monitor_4k,Santiago,9,8.0,36.795065565949685,68.63344566560669,0.0,A tiempo,-33.4489,-70.6693
PED-01053,2024-10-26,Chile,Teclado Mecánico,Valparaíso,10,10.0,53.37482074726399,81.16979603500872,0.0,A tiempo,-33.0472,-71.6127
PED-01054,2024-08-11,Colombia,Mouse Ergonómico,Bogotá,5,7.0,27.366921931220837,144.8475257027962,21.153224952448326,Retrasado,4.711,-74.0721
PED-01055,2024-11-21,Perú,Laptop Pro,Lima,6,6.0,48.429751715552925,364.0039138728191,0.0,A tiempo,-12.0464,-77.0428
PED-01056,2024-09-08,México,Mouse Ergonómico,Monterrey,5,6.0,37.89839056585842,161.13326253944982,9.758925108294907,Retrasado,25.6866,-100.3161
PED-01057,2024-02-16,Perú,Teclado Mecánico,Arequipa,8,13.0,65.91400367762805,130.2812826021591,48.538011083385115,Retrasado,-16.409,-71.5375
PED-01058,2024-08-28,Colombia,Teclado Mecánico,Medellín,4,4.0,38.76714186386116,89.89500524789453,0.0,A tiempo,6.2476,-75.5658
PED-01059,2024-06-27,México,Teclado Mecánico,CDMX,7,8.0,59.641558841719785,-29.660553013164815,13.206753834010705,Retrasado,19.4326,-99.1332
PED-01060,2024-07-28,Chile,Teclado Mecánico,Valparaíso,9,9.0,46.94555297558318,111.88640095232887,0.0,A tiempo,-33.0472,-71.6127
PED-01061,2024-06-19,Colombia,Hub USB-C,Bogotá,4,3.0,12.708171104965796,99.92684964623598,0.0,A tiempo,4.711,-74.0721
PED-01062,2024-06-13,Perú,Hub USB-C,Arequipa,8,8.0,69.52917382489511,105.59928385285414,0.0,A tiempo,-16.409,-71.5375
PED-01063,2024-12-09,Chile,Teclado Mecánico,Concepción,8,8.0,49.38902491994132,102.15589388132825,0.0,A tiempo,-36.8201,-73.0444
PED-01064,2024-02-23,Chile,Teclado Mecánico,Santiago,9,10.0,42.51200203979946,46.94951352203372,13.904222037791651,Retrasado,-33.4489,-70.6693
PED-01065,2024-03-23,Colombia,Laptop Pro,Cali,5,11.0,34.16801574483114,322.29634227404745,46.20029978790083,Retrasado,3.4516,-76.5319
PED-01066,2024-06-17,Perú,Mouse Ergonómico,Trujillo,8,8.0,61.67120788003297,125.288652561274,0.0,A tiempo,-8.115,-79.029
PED-01067,2024-07-29,Colombia,Laptop Pro,Bogotá,4,4.0,29.769494439145337,327.2935512823864,0.0,A tiempo,4.711,-74.0721
PED-01068,2024-12-21,México,Teclado Mecánico,Guadalajara,5,5.0,62.78575167939374,137.86308014293547,0.0,A tiempo,20.6597,-103.3496
PED-01069,2024-09-10,México,Hub USB-C,Guadalajara,5,6.0,60.82999938516868,124.16206579686494,14.09360326724968,Retrasado,20.6597,-103.3496
PED-01070,2024-05-27,Chile,Monitor 4K,Santiago,9,10.0,39.23618812597942,83.59882353844357,11.492427328379707,Retrasado,-33.4489,-70.6693
PED-01071,2024-12-05,Perú,Hub USB-C,Lima,7,11.0,43.262098943405235,97.16652608335639,23.26815838408915,Retrasado,-12.0464,-77.0428
PED-01072,2024-07-24,México,Hub USB-C,Monterrey,5,0.0,59.575371632797676,103.64499469013508,0.0,A tiempo,25.6866,-100.3161
PED-01073,2024-10-08,México,Hub USB-C,Guadalajara,7,3.0,22.87387436189562,104.30797796426474,0.0,A tiempo,20.6597,-103.3496
PED-01074,2024-01-19,México,Monitor 4K,Monterrey,8,8.0,48.50544306835011,139.92870623886918,0.0,A tiempo,25.6866,-100.3161
PED-01075,2024-08-20,México,Teclado Mecánico,CDMX,6,9.0,35.69168798375328,125.74675012089963,37.06242076521009,Retrasado,19.4326,-99.1332
PED-01076,2024-02-15,Colombia,Teclado Mecánico,Cali,5,3.0,25.23446198566475,183.09373758279813,0.0,A tiempo,3.4516,-76.5319
PED-01077,2024-06-10,Chile,Teclado Mecánico,Valparaíso,7,1.0,47.01179910970796,188.2587591953869,0.0,A tiempo,-33.0472,-71.6127
PED-01078,2024-05-09,Chile,Hub USB-C,Valparaíso,8,10.0,46.41755622092492,103.185983304557,14.034091147728835,Retrasado,-33.0472,-71.6127
PED-01079,2024-06-14,México,Mouse Ergonómico,Monterrey,7,8.0,44.477387478873915,-53.46622193837479,8.09772484724049,Retrasado,25.6866,-100.3161
PED-01080,2024-02-29,Chile,Mouse Ergonómico,Santiago,8,7.0,39.02856350371186,149.47329864509067,0.0,A tiempo,-33.4489,-70.6693
PED-01081,2024-07-25,Chile,Laptop Pro,Concepción,10,9.0,72.91911266818687,278.3849464405178,0.0,A tiempo,-36.8201,-73.0444
PED-01082,2024-09-20,Chile,Mouse Ergonómico,Valparaíso,7,6.0,68.67462004161351,67.94064312675972,0.0,A tiempo,-33.0472,-71.6127
PED-01083,2024-01-01,Chile,Hub USB-C,Concepción,9,10.0,38.37934179743717,84.06218900042532,10.751125669393616,Retrasado,-36.8201,-73.0444
PED-01084,2024-12-02,Colombia,Teclado Mecánico,Bogotá,3,3.0,45.821167513035675,82.13427812741574,0.0,A tiempo,4.711,-74.0721
PED-01085,2024-10-04,México,Mouse Ergonómico,CDMX,7,9.0,46.00534509527147,124.49079240421571,19.802384722535642,Retrasado,19.4326,-99.1332
PED-01086,2024-08-24,Perú,Monitor 4K,Arequipa,6,0.0,51.2918747333171,37.62256883495098,0.0,A tiempo,-16.409,-71.5375
PED-01087,2024-07-30,Colombia,Monitor 4K,Medellín,5,4.0,29.36726040103084,56.89117016833593,0.0,A tiempo,6.2476,-75.5658
PED-01088,2024-01-28,Chile,Teclado Mecánico,Concepción,7,6.0,43.40251358746034,113.72634216789666,0.0,A tiempo,-36.8201,-73.0444
PED-01089,2024-04-06,México,Mouse Ergonómico,CDMX,5,5.0,59.838523436061465,124.91776121653233,0.0,A tiempo,19.4326,-99.1332
PED-01090,2024-09-22,México,Hub USB-C,Guadalajara,5,5.0,51.25886530576658,125.66166579744048,0.0,A tiempo,20.6597,-103.3496
PED-01091,2024-07-04,México,Hub USB-C,CDMX,6,8.0,45.234485767807584,68.51854884266804,24.438191479846083,Retrasado,19.4326,-99.1332
PED-01092,2024-11-14,México,Mouse Ergonómico,Guadalajara,7,4.0,36.95410556199528,60.869374029350396,0.0,A tiempo,20.6597,-103.3496
PED-01093,2024-09-12,Chile,Laptop Pro,Santiago,10,11.0,41.064049862808794,279.73460664848324,9.118974783621113,Retrasado,-33.4489,-70.6693
PED-01094,2024-11-16,México,Laptop Pro,Monterrey,5,7.0,33.586198843979034,309.594910091389,24.9283846568821,Retrasado,25.6866,-100.3161
PED-01095,2024-08-14,Perú,Monitor 4K,Lima,7,12.0,50.122235484151695,159.41909477090198,45.201497516423,Retrasado,-12.0464,-77.0428
PED-01096,2024-01-27,Perú,Teclado Mecánico,Lima,7,7.0,38.033344077156045,18.10251256916999,0.0,A tiempo,-12.0464,-77.0428
PED-01097,2024-04-14,México,Monitor 4K,Monterrey,5,6.0,47.34439487481459,91.17084972166533,12.639970493195431,Retrasado,25.6866,-100.3161
PED-01098,2024-05-16,Chile,Teclado Mecánico,Concepción,8,5.0,63.70101853610371,46.69286235899185,0.0,A tiempo,-36.8201,-73.0444
PED-01099,2024-10-08,Perú,Teclado Mecánico,Trujillo,7,3.0,61.992995729215856,33.910292905860416,0.0,A tiempo,-8.115,-79.029
PED-01100,2024-03-08,Perú,Teclado Mecánico,Lima,8,11.0,49.677231058973824,138.67826581379268,27.33122341723834,Retrasado,-12.0464,-77.0428
PED-01101,2024-05-27,Perú,Teclado Mecánico,Arequipa,6,6.0,49.1291527385685,121.78498297997355,0.0,A tiempo,-16.409,-71.5375
PED-01102,2024-08-12,Colombia,Hub USB-C,Cali,3,6.0,48.79874549421008,117.97734063789049,21.122191752054206,Retrasado,3.4516,-76.5319
PED-01103,2024-12-23,Colombia,Mouse Ergonómico,Medellín,3,1.0,35.20756120358711,136.84103358923974,0.0,A tiempo,6.2476,-75.5658
PED-01104,2024-09-05,Perú,Teclado Mecánico,Arequipa,6,8.0,46.721935401234774,80.81124412935456,28.340911803089522,Retrasado,-16.409,-71.5375
PED-01105,2024-03-03,Chile,Mouse Ergonómico,Concepción,11,16.0,35.73981882879548,82.69449934665887,44.730247583062024,Retrasado,-36.8201,-73.0444
PED-01106,2024-01-15,Chile,Teclado Mecánico,Santiago,8,,53.93873218164743,187.42922466890298,13.596888936710824,Retrasado,-33.4489,-70.6693
PED-01107,2024-11-18,Perú,Hub USB-C,Arequipa,8,9.0,58.293237725828625,90.13715782961702,7.850994993829941,Retrasado,-16.409,-71.5375
PED-01108,2024-11-07,Perú,Hub USB-C,Arequipa,6,7.0,43.683484754863564,129.40528452216364,9.550517048081385,Retrasado,-16.409,-71.5375
PED-01109,2024-05-02,Chile,Mouse Ergonómico,Santiago,8,6.0,52.912027551380326,100.2552616385326,0.0,A tiempo,-33.4489,-70.6693
PED-01110,2024-12-29,Colombia,Mouse Ergonómico,Bogotá,5,9.0,26.36426705084971,26.069658796863393,29.343163324874652,Retrasado,4.711,-74.0721
PED-01111,2024-03-22,Colombia,Monitor 4K,Cali,4,4.0,28.159676008009974,18.214839847949264,0.0,A tiempo,3.4516,-76.5319
PED-01112,2024-06-08,Perú,Monitor 4K,Lima,7,,25.121779424376687,76.84063120240381,10.156898424812464,Retrasado,-12.0464,-77.0428
PED-01113,2024-10-09,Chile,Laptop Pro,Concepción,9,7.0,47.782185962838646,342.24405006679956,0.0,A tiempo,-36.8201,-73.0444
PED-01114,2024-01-08,Colombia,Monitor 4K,Cali,4,,39.693693024080545,131.53166626544015,0.0,A tiempo,3.4516,-76.5319
PED-01115,2024-10-09,Perú,Monitor 4K,Arequipa,9,13.0,43.68597444433442,136.56308656896135,30.64913145269873,Retrasado,-16.409,-71.5375
PED-01116,2024-07-27,México,Teclado Mecánico,CDMX,7,7.0,50.52526368215316,60.51815284254739,0.0,A tiempo,19.4326,-99.1332
PED-01117,2024-02-17,Perú,Laptop Pro,Lima,7,11.0,42.4404929330808,364.63489960489255,46.756004224744714,Retrasado,-12.0464,-77.0428
PED-01118,2024-04-25,México,Monitor 4K,Monterrey,6,6.0,53.60441676292773,61.404267992544625,0.0,A tiempo,25.6866,-100.3161
PED-01119,2024-02-28,Perú,Monitor 4K,Arequipa,8,5.0,47.834768024638265,108.51297594679875,0.0,A tiempo,-16.409,-71.5375
PED-01120,2024-08-24,Chile,Mouse Ergonómico,Santiago,7,10.0,40.60758459317993,99.58590840369054,25.39733963627338,Retrasado,-33.4489,-70.6693
PED-01121,2024-03-01,Chile,Laptop Pro,Concepción,7,7.0,63.32551467665128,293.04504718741657,0.0,A tiempo,-36.8201,-73.0444
PED-01122,2024-11-27,Chile,Laptop Pro,Santiago,8,10.0,59.28932013532215,353.5436855318243,25.168919139997286,Retrasado,-33.4489,-70.6693
PED-01123,2024-03-19,Chile,Laptop Pro,Santiago,8,9.0,43.950932360718255,271.79557919336156,8.212551734139126,Retrasado,-33.4489,-70.6693
PED-01124,2024-09-12,México,Mouse Ergonómico,Monterrey,5,3.0,54.97788309417778,46.015789771522876,0.0,A tiempo,25.6866,-100.3161
PED-01125,2024-05-29,Perú,Hub USB-C,Trujillo,7,8.0,55.374120028203805,100.79981944825677,5.7180754544546915,Retrasado,-8.115,-79.029
PED-01126,2024-09-17,Chile,Laptop Pro,Valparaíso,10,16.0,56.42301235011176,284.00693062853895,35.65655867393616,Retrasado,-33.0472,-71.6127
PED-01127,2024-12-27,Colombia,Laptop Pro,Bogotá,4,6.0,13.057441040049223,435.09531676330585,21.657387223840857,Retrasado,4.711,-74.0721
PED-01128,2024-05-19,Colombia,Mouse Ergonómico,Cali,3,3.0,40.06606541032628,127.060299057599,0.0,A tiempo,3.4516,-76.5319
PED-01129,2024-07-31,Colombia,Hub USB-C,Medellín,3,6.0,24.303010370742687,83.62637699125503,25.10780624892115,Retrasado,6.2476,-75.5658
PED-01130,2024-04-09,Perú,Laptop Pro,Trujillo,7,8.0,46.42172066558733,257.75553723251653,12.531997019142294,Retrasado,-8.115,-79.029
PED-01131,2024-08-29,Colombia,Laptop Pro,Cali,6,7.0,56.378817522602,224.7884635772486,7.943481665153781,Retrasado,3.4516,-76.5319
PED-01132,2024-05-04,Colombia,Teclado Mecánico,Cali,3,2.0,33.01873380721012,58.99123657050268,0.0,A tiempo,3.4516,-76.5319
PED-01133,2024-08-21,México,Hub USB-C,CDMX,7,,46.13677524552824,104.59767087036526,12.454670382070553,Retrasado,19.4326,-99.1332
PED-01134,2024-10-09,Perú,Monitor 4K,Arequipa,6,9.0,27.94705627244094,157.09314606379078,22.37481397899649,Retrasado,-16.409,-71.5375
PED-01135,2024-03-15,Perú,Laptop Pro,Arequipa,10,9.0,63.897641339463554,344.86756569551676,0.0,A tiempo,-16.409,-71.5375
PED-01136,2024-07-15,Colombia,Mouse Ergonómico,Bogotá,4,8.0,16.547903291913975,109.16379326585518,49.91106553088403,Retrasado,4.711,-74.0721
PED-01137,2024-04-07,Perú,Teclado Mecánico,Trujillo,6,6.0,39.96561096500496,87.07329337190062,0.0,A tiempo,-8.115,-79.029
PED-01138,2024-11-02,México,Monitor 4K,Monterrey,6,5.0,46.68647700912151,110.75249425648617,0.0,A tiempo,25.6866,-100.3161
PED-01139,2024-09-17,México,Monitor 4K,CDMX,7,10.0,64.16411791700293,79.25448010061696,30.63812420675607,Retrasado,19.4326,-99.1332
PED-01140,2024-03-10,Chile,Teclado Mecánico,Valparaíso,9,9.0,57.732399866657595,168.73455983055504,0.0,A tiempo,-33.0472,-71.6127
PED-01141,2024-02-05,México,Mouse Ergonómico,Guadalajara,6,8.0,48.4216249015974,92.4323927489968,22.792334648641237,Retrasado,20.6597,-103.3496
PED-01142,2024-05-21,Chile,Monitor 4K,Valparaíso,8,8.0,53.08292063638821,96.54648567013092,0.0,A tiempo,-33.0472,-71.6127
PED-01143,2024-07-31,Colombia,Monitor 4K,Cali,4,4.0,23.99614307128894,11.36710299917327,0.0,A tiempo,3.4516,-76.5319
PED-01144,2024-06-23,Chile,Hub USB-C,Concepción,10,12.0,51.39653689565351,92.18260613908944,18.54406054563669,Retrasado,-36.8201,-73.0444
PED-01145,2024-09-16,Chile,Monitor 4K,Santiago,8,9.0,50.73336744778137,133.45936551859765,10.915287973553731,Retrasado,-33.4489,-70.6693
PED-01146,2024-05-16,Colombia,Laptop Pro,Cali,3,0.0,39.687698956813534,257.2910969184582,0.0,A tiempo,3.4516,-76.5319
PED-01147,2024-01-02,Chile,Laptop Pro,Santiago,7,6.0,59.67178122438949,269.9711866202875,0.0,A tiempo,-33.4489,-70.6693
PED-01148,2024-05-24,México,Teclado Mecánico,Monterrey,5,8.0,54.93977382205645,131.70844070934658,39.41951923719926,Retrasado,25.6866,-100.3161
PED-01149,2024-06-01,Colombia,Teclado Mecánico,Cali,4,4.0,26.376524424538978,40.93371105927787,0.0,A tiempo,3.4516,-76.5319
PED-01150,2024-10-27,Perú,Mouse Ergonómico,Arequipa,6,6.0,57.41822294390126,142.31204030167675,0.0,A tiempo,-16.409,-71.5375
PED-01151,2024-10-23,Chile,Mouse Ergonómico,Concepción,7,5.0,49.08031533796954,78.71424439307592,0.0,A tiempo,-36.8201,-73.0444
PED-01152,2024-12-03,México,Hub USB-C,CDMX,6,5.0,39.18085631286867,84.45727118035188,0.0,A tiempo,19.4326,-99.1332
PED-01153,2024-09-07,Perú,Teclado Mecánico,Arequipa,7,3.0,45.96712208089061,55.04486379497624,0.0,A tiempo,-16.409,-71.5375
PED-01154,2024-03-17,Colombia,Hub USB-C,Medellín,4,4.0,30.845269837843244,115.12185041711533,0.0,A tiempo,6.2476,-75.5658
PED-01155,2024-08-16,Colombia,Mouse Ergonómico,Medellín,3,3.0,39.10215783664745,198.39487940117522,0.0,A tiempo,6.2476,-75.5658
PED-01156,2024-02-10,Colombia,Monitor 4K,Cali,4,3.0,28.16471827842847,131.2598895784253,0.0,A tiempo,3.4516,-76.5319
PED-01157,2024-09-04,México,Hub USB-C,Guadalajara,5,5.0,37.90801288760394,65.42858952237856,0.0,A tiempo,20.6597,-103.3496
PED-01158,2024-06-25,Perú,Monitor 4K,Trujillo,6,7.0,50.56741683296819,145.42482341965905,12.216296360047,Retrasado,-8.115,-79.029
PED-01159,2024-06-19,Colombia,Hub USB-C,Cali,3,9.0,31.134560400565523,87.33281816263002,38.45310723422392,Retrasado,3.4516,-76.5319
PED-01160,2024-10-09,México,Hub USB-C,CDMX,5,3.0,51.85837628902753,154.9793992571024,0.0,A tiempo,19.4326,-99.1332
PED-01161,2024-10-05,México,Mouse Ergonómico,Guadalajara,5,8.0,59.1987151595443,132.2670560865745,20.42919191934007,Retrasado,20.6597,-103.3496
PED-01162,2024-07-12,Perú,Hub USB-C,Lima,8,11.0,60.18923240089899,-17.725662618869336,38.91777076944322,Retrasado,-12.0464,-77.0428
PED-01163,2024-08-21,Colombia,Mouse Ergonómico,Cali,3,3.0,24.057891276183334,59.8368146817989,0.0,A tiempo,3.4516,-76.5319
PED-01164,2024-06-13,Colombia,Hub USB-C,Medellín,5,6.0,23.838565419510566,137.7754089134156,8.282722935581512,Retrasado,6.2476,-75.5658
PED-01165,2024-04-06,Chile,Hub USB-C,Concepción,8,8.0,39.59801289044527,106.0662908858007,0.0,A tiempo,-36.8201,-73.0444
PED-01166,2024-12-23,Colombia,Teclado Mecánico,Bogotá,3,4.0,36.988156702804766,59.04976209168598,6.676142561466294,Retrasado,4.711,-74.0721
PED-01167,2024-05-02,Perú,Teclado Mecánico,Trujillo,8,12.0,64.48820108337715,74.65641938024748,46.47562218803601,Retrasado,-8.115,-79.029
PED-01168,2024-10-19,México,Mouse Ergonómico,Guadalajara,7,9.0,46.849180720910766,23.750535196424778,21.00860775894241,Retrasado,20.6597,-103.3496
PED-01169,2024-07-15,Perú,Hub USB-C,Arequipa,6,8.0,47.58569435275007,96.46506849894416,12.441708433024655,Retrasado,-16.409,-71.5375
PED-01170,2024-04-29,Colombia,Monitor 4K,Bogotá,4,4.0,44.66782556898976,188.42758904063058,0.0,A tiempo,4.711,-74.0721
PED-01171,2024-07-29,México,Laptop Pro,CDMX,7,5.0,55.05557853215008,332.19733562929304,0.0,A tiempo,19.4326,-99.1332
PED-01172,2024-01-23,Perú,mouse_ergonómico,Arequipa,7,7.0,54.36235704801055,187.61668004753693,0.0,A tiempo,-16.409,-71.5375
PED-01173,2024-06-11,Colombia,Teclado Mecánico,Medellín,6,10.0,18.09083494026273,135.2958835915992,48.47528340917157,Retrasado,6.2476,-75.5658
PED-01174,2024-08-30,Colombia,Teclado Mecánico,Medellín,4,2.0,36.78728069279419,141.09917373410767,0.0,A tiempo,6.2476,-75.5658
PED-01175,2024-12-27,Colombia,Mouse Ergonómico,Cali,3,2.0,20.708636594902416,178.96314750980093,0.0,A tiempo,3.4516,-76.5319
PED-01176,2024-07-14,Chile,Teclado Mecánico,Santiago,7,8.0,38.65979814065042,115.09053037368906,5.846761552426899,Retrasado,-33.4489,-70.6693
PED-01177,2024-07-16,Chile,Monitor 4K,Valparaíso,9,8.0,46.53228423233288,92.5109071397248,0.0,A tiempo,-33.0472,-71.6127
PED-01178,2024-12-05,Chile,Teclado Mecánico,Valparaíso,8,8.0,44.1420727655131,141.3063006648805,0.0,A tiempo,-33.0472,-71.6127
PED-01179,2024-11-29,México,laptop_pro,CDMX,6,6.0,47.78400305614961,358.1536094848754,0.0,A tiempo,19.4326,-99.1332
PED-01180,2024-03-18,Perú,Laptop Pro,Trujillo,7,5.0,35.59018365475082,280.80141429151166,0.0,A tiempo,-8.115,-79.029
PED-01181,2024-09-10,México,Hub USB-C,Guadalajara,5,4.0,59.58816306467672,71.13723670639882,0.0,A tiempo,20.6597,-103.3496
PED-01182,2024-01-19,México,Monitor 4K,Guadalajara,5,7.0,61.27686294516429,105.55424129723521,26.570771518540987,Retrasado,20.6597,-103.3496
PED-01183,2024-03-05,Colombia,Teclado Mecánico,Bogotá,3,1.0,10.526575258591858,133.25995467726648,0.0,A tiempo,4.711,-74.0721
PED-01184,2024-09-14,Colombia,Teclado Mecánico,Cali,6,4.0,39.7845780566655,131.92364194646245,0.0,A tiempo,3.4516,-76.5319
PED-01185,2024-10-29,México,Mouse Ergonómico,Guadalajara,6,6.0,41.894713701783736,43.033295992496036,0.0,A tiempo,20.6597,-103.3496
PED-01186,2024-06-18,Perú,Hub USB-C,Lima,8,10.0,58.56975536982786,176.46424268253287,16.544000440778582,Retrasado,-12.0464,-77.0428
PED-01187,2024-02-21,Chile,Laptop Pro,Santiago,9,9.0,49.315535073335845,274.35340282412596,0.0,A tiempo,-33.4489,-70.6693
PED-01188,2024-08-13,México,Mouse Ergonómico,Monterrey,6,6.0,50.28775564080998,89.39740012445682,0.0,A tiempo,25.6866,-100.3161
PED-01189,2024-02-21,México,Mouse Ergonómico,CDMX,6,7.0,48.14902350578781,63.89382560048721,7.586402366373216,Retrasado,19.4326,-99.1332
PED-01190,2024-09-26,Perú,Teclado Mecánico,Trujillo,6,3.0,62.12129204233486,207.9331534374835,0.0,A tiempo,-8.115,-79.029
PED-01191,2024-08-21,Perú,Laptop Pro,Lima,7,9.0,37.60411987474971,309.6828268115187,14.661001970492311,Retrasado,-12.0464,-77.0428
PED-01192,2024-01-08,México,Mouse Ergonómico,Guadalajara,6,7.0,56.078403387350086,65.9609967727374,10.886436697160615,Retrasado,20.6597,-103.3496
PED-01193,2024-03-14,Colombia,Teclado Mecánico,Medellín,3,3.0,41.013301648895506,134.55694199849785,0.0,A tiempo,6.2476,-75.5658
PED-01194,2024-07-28,Colombia,Hub USB-C,Cali,3,6.0,37.16340080540411,130.76543117240132,37.44268097109379,Retrasado,3.4516,-76.5319
PED-01195,2024-12-01,México,Monitor 4K,Guadalajara,6,5.0,73.24698914323417,92.49091905680464,0.0,A tiempo,20.6597,-103.3496
PED-01196,2024-03-20,Colombia,Laptop Pro,Cali,6,9.0,24.71053237275301,333.62426851133534,32.48164427951336,Retrasado,3.4516,-76.5319
PED-01197,2024-02-08,Perú,Hub USB-C,Lima,7,8.0,59.57304822593531,66.98832156676542,9.879479092570648,Retrasado,-12.0464,-77.0428
PED-01198,2024-08-28,Chile,Teclado Mecánico,Concepción,7,7.0,48.939093646585796,80.28326900202991,0.0,A tiempo,-36.8201,-73.0444
PED-01199,2024-05-15,Perú,Monitor 4K,Lima,6,6.0,62.33406076352669,19.59133381735748,0.0,A tiempo,-12.0464,-77.0428
PED-01200,2024-06-22,Chile,Mouse Ergonómico,Valparaíso,8,8.0,49.923110042786305,47.04195663121749,0.0,A tiempo,-33.0472,-71.6127
PED-01201,2024-11-15,México,hub_usb-c,Monterrey,9,13.0,46.1212421813753,172.30523222682743,23.652355103126432,Retrasado,25.6866,-100.3161
PED-01202,2024-12-20,México,Mouse Ergonómico,Monterrey,5,4.0,63.06072203871629,165.65714510889256,0.0,A tiempo,25.6866,-100.3161
PED-01203,2024-07-22,Chile,Mouse Ergonómico,Concepción,8,8.0,45.0843806098107,102.6315459459585,0.0,A tiempo,-36.8201,-73.0444
PED-01204,2024-11-28,Colombia,Monitor 4K,Cali,5,8.0,15.872742410994437,166.5172578875935,26.156879986235282,Retrasado,3.4516,-76.5319
PED-01205,2024-02-11,México,Monitor 4K,Monterrey,6,6.0,44.83153116826171,93.59702053566781,0.0,A tiempo,25.6866,-100.3161
PED-01206,2024-06-17,Chile,Mouse Ergonómico,Valparaíso,8,11.0,56.19032946588533,90.26358789728368,19.11203827621344,Retrasado,-33.0472,-71.6127
PED-01207,2024-12-11,Colombia,Mouse Ergonómico,Bogotá,4,9.0,43.920387515870914,102.26042593862225,33.6601815379956,Retrasado,4.711,-74.0721
PED-01208,2024-09-30,Chile,Monitor 4K,Santiago,7,7.0,51.11129375296512,95.00313618705738,0.0,A tiempo,-33.4489,-70.6693
PED-01209,2024-07-13,México,Teclado Mecánico,Monterrey,5,7.0,63.181970672340256,91.39214705759278,23.133139132456904,Retrasado,25.6866,-100.3161
PED-01210,2024-06-11,México,Laptop Pro,Monterrey,7,6.0,36.41825078522406,345.7359242859821,0.0,A tiempo,25.6866,-100.3161
PED-01211,2024-11-16,Perú,Mouse Ergonómico,Arequipa,6,8.0,45.56736535182097,106.00542615824813,17.46630812731882,Retrasado,-16.409,-71.5375
PED-01212,2024-09-06,Chile,Monitor 4K,Valparaíso,8,9.0,47.11424882845899,128.49927057735218,13.745764767182006,Retrasado,-33.0472,-71.6127
PED-01213,2024-10-04,Colombia,Hub USB-C,Cali,5,7.0,28.854405725274802,141.25522101109323,14.26693149120253,Retrasado,3.4516,-76.5319
PED-01214,2024-01-19,México,Hub USB-C,Guadalajara,5,5.0,50.84094388250197,115.52743182618934,0.0,A tiempo,20.6597,-103.3496
PED-01215,2024-11-12,Perú,teclado_mecánico,Lima,8,5.0,56.909109573921924,61.189146963670446,0.0,A tiempo,-12.0464,-77.0428
PED-01216,2024-02-05,Perú,Teclado Mecánico,Arequipa,6,8.0,45.5519316182951,45.88536444143845,22.41118390837997,Retrasado,-16.409,-71.5375
PED-01217,2024-04-30,Colombia,Hub USB-C,Cali,4,0.0,31.390286869531256,105.9512253922922,0.0,A tiempo,3.4516,-76.5319
PED-01218,2024-11-19,México,Teclado Mecánico,Guadalajara,7,7.0,49.54877109675948,93.14974780700263,0.0,A tiempo,20.6597,-103.3496
PED-01219,2024-12-16,Perú,Mouse Ergonómico,Trujillo,6,9.0,40.7411009610885,103.49565715680487,37.85024716182551,Retrasado,-8.115,-79.029
PED-01220,2024-05-27,Colombia,Monitor 4K,Cali,3,4.0,28.863333109185646,99.35783843005655,10.457030160329484,Retrasado,3.4516,-76.5319
PED-01221,2024-04-26,Colombia,Laptop Pro,Medellín,4,9.0,28.56340470102882,403.3429464066627,56.3815177450894,Retrasado,6.2476,-75.5658
PED-01222,2024-02-16,Chile,Monitor 4K,Valparaíso,7,10.0,48.34919434996954,46.79094977434648,43.057509431829985,Retrasado,-33.0472,-71.6127
PED-01223,2024-08-10,Chile,Monitor 4K,Concepción,8,8.0,50.31759456581451,20.402149207155006,0.0,A tiempo,-36.8201,-73.0444
PED-01224,2024-02-20,México,Teclado Mecánico,Monterrey,5,6.0,50.75673540613386,113.29507334078438,8.591639386339532,Retrasado,25.6866,-100.3161
PED-01225,2024-11-20,Perú,Laptop Pro,Trujillo,7,7.0,45.6770482089267,284.9430978164722,0.0,A tiempo,-8.115,-79.029
PED-01226,2024-12-26,Perú,Mouse Ergonómico,Trujillo,7,5.0,62.727147339712644,112.64271478919805,0.0,A tiempo,-8.115,-79.029
PED-01227,2024-02-21,Chile,Hub USB-C,Santiago,11,10.0,38.305193707969835,123.35532089136004,0.0,A tiempo,-33.4489,-70.6693
PED-01228,2024-08-15,México,Mouse Ergonómico,CDMX,7,7.0,42.79029891530104,151.3641878071559,0.0,A tiempo,19.4326,-99.1332
PED-01229,2024-03-26,Perú,Teclado Mecánico,Arequipa,6,2.0,77.79963624223555,39.71096718464246,0.0,A tiempo,-16.409,-71.5375
PED-01230,2024-12-21,Colombia,Hub USB-C,Bogotá,4,5.0,19.6200864501077,77.73128408571348,9.193898379683894,Retrasado,4.711,-74.0721
PED-01231,2024-06-02,Colombia,Mouse Ergonómico,Bogotá,4,4.0,16.462453252902414,117.15045035523056,0.0,A tiempo,4.711,-74.0721
PED-01232,2024-01-15,Colombia,Monitor 4K,Medellín,5,2.0,37.34476745001218,130.81854382748907,0.0,A tiempo,6.2476,-75.5658
PED-01233,2024-01-24,Colombia,Teclado Mecánico,Bogotá,3,5.0,9.22880146226126,187.73798201153542,25.24637523387952,Retrasado,4.711,-74.0721
PED-01234,2024-06-15,Chile,Laptop Pro,Valparaíso,7,9.0,47.64726090027561,338.2281588445547,19.627116642157045,Retrasado,-33.0472,-71.6127
PED-01235,2024-01-29,México,Monitor 4K,CDMX,5,6.0,71.45824925076488,97.72845616454892,11.800610283068366,Retrasado,19.4326,-99.1332
PED-01236,2024-05-30,Colombia,Laptop Pro,Bogotá,3,3.0,14.550640778465995,264.3825698822935,0.0,A tiempo,4.711,-74.0721
PED-01237,2024-07-02,Colombia,Hub USB-C,Bogotá,3,5.0,10.180355142612868,77.42840589123924,12.723482847231423,Retrasado,4.711,-74.0721
PED-01238,2024-07-10,Perú,Laptop Pro,Arequipa,6,8.0,35.00818798042302,276.29188708171574,15.007461014139555,Retrasado,-16.409,-71.5375
PED-01239,2024-08-08,Chile,Monitor 4K,Santiago,9,10.0,58.98359568346986,126.20934514055043,10.42701247256645,Retrasado,-33.4489,-70.6693
PED-01240,2024-03-15,Perú,Laptop Pro,Trujillo,7,6.0,61.247767199858124,310.2798978234332,0.0,A tiempo,-8.115,-79.029
PED-01241,2024-05-05,Perú,Teclado Mecánico,Lima,7,8.0,44.87411203021491,47.054017166312846,5.362548954415274,Retrasado,-12.0464,-77.0428
PED-01242,2024-09-28,Perú,Teclado Mecánico,Arequipa,7,10.0,56.83212404001069,82.56394123638268,44.52054450589082,Retrasado,-16.409,-71.5375
PED-01243,2024-07-29,Colombia,Monitor 4K,Bogotá,6,6.0,43.9025532751199,135.10190213805683,0.0,A tiempo,4.711,-74.0721
PED-01244,2024-10-16,México,Mouse Ergonómico,CDMX,6,12.0,67.87346414429825,114.06649419896236,51.553868437303386,Retrasado,19.4326,-99.1332
PED-01245,2024-12-15,Chile,Laptop Pro,Concepción,8,8.0,47.53664718820152,322.7457846405108,0.0,A tiempo,-36.8201,-73.0444
PED-01246,2024-04-02,Colombia,Monitor 4K,Cali,4,5.0,6.985282823300132,115.31686840229052,6.743567076508716,Retrasado,3.4516,-76.5319
PED-01247,2024-03-28,Chile,Laptop Pro,Santiago,7,7.0,41.79121077590313,365.0572293843544,0.0,A tiempo,-33.4489,-70.6693
PED-01248,2024-03-30,Colombia,Monitor 4K,Medellín,6,7.0,25.731958050647425,109.4417225529748,14.554141647460966,Retrasado,6.2476,-75.5658
PED-01249,2024-02-10,México,Laptop Pro,Monterrey,6,3.0,47.41061203421609,284.5590880851721,0.0,A tiempo,25.6866,-100.3161
PED-01250,2024-11-08,México,Mouse Ergonómico,Guadalajara,6,6.0,48.1214059899128,63.369798354657576,0.0,A tiempo,20.6597,-103.3496
PED-01251,2024-07-14,Chile,Monitor 4K,Concepción,8,7.0,61.188945979306695,109.98437832838847,0.0,A tiempo,-36.8201,-73.0444
PED-01252,2024-11-13,Perú,Teclado Mecánico,Lima,8,9.0,62.744284266875816,2.3718394089966353,9.810511274763183,Retrasado,-12.0464,-77.0428
PED-01253,2024-12-15,Colombia,Mouse Ergonómico,Medellín,5,8.0,28.283263460752167,92.62843992669153,35.22078537378398,Retrasado,6.2476,-75.5658
PED-01254,2024-05-03,Chile,Teclado Mecánico,Valparaíso,9,11.0,60.98484876051819,91.76640560314624,18.69968358340926,Retrasado,-33.0472,-71.6127
PED-01255,2024-09-11,Perú,Mouse Ergonómico,Arequipa,6,2.0,53.57661366631089,45.421165855308764,0.0,A tiempo,-16.409,-71.5375
PED-01256,2024-10-25,México,Teclado Mecánico,Monterrey,5,11.0,50.64505972862572,62.869366453760165,33.48278022111023,Retrasado,25.6866,-100.3161
PED-01257,2024-03-14,Colombia,Mouse Ergonómico,Cali,4,5.0,39.06544157109964,132.38630120592964,11.962634753005332,Retrasado,3.4516,-76.5319
PED-01258,2024-04-28,México,Laptop Pro,Guadalajara,6,6.0,50.72252048237916,309.2284699629985,0.0,A tiempo,20.6597,-103.3496
PED-01259,2024-08-24,Colombia,Teclado Mecánico,Bogotá,6,7.0,50.57811177097762,104.0715333482931,13.170849469196495,Retrasado,4.711,-74.0721
PED-01260,2024-11-22,Perú,Laptop Pro,Arequipa,8,9.0,35.61588833205441,312.2539013572809,13.249469294605575,Retrasado,-16.409,-71.5375
PED-01261,2024-05-10,Colombia,Monitor 4K,Bogotá,4,4.0,24.848291009079823,103.70510351795694,0.0,A tiempo,4.711,-74.0721
PED-01262,2024-08-23,Perú,Laptop Pro,Lima,6,7.0,48.7348110304605,349.7145025143326,8.236627810358002,Retrasado,-12.0464,-77.0428
PED-01263,2024-05-10,Colombia,Teclado Mecánico,Bogotá,5,5.0,34.394526904579905,104.93716726814596,0.0,A tiempo,4.711,-74.0721
PED-01264,2024-12-07,Chile,Mouse Ergonómico,Santiago,8,8.0,62.67960487103089,41.67147544724998,0.0,A tiempo,-33.4489,-70.6693
PED-01265,2024-01-05,México,Laptop Pro,Guadalajara,7,7.0,49.75601432763843,365.2051985949764,0.0,A tiempo,20.6597,-103.3496
PED-01266,2024-08-26,Colombia,Hub USB-C,Cali,5,3.0,15.777703504937929,114.81361069315383,0.0,A tiempo,3.4516,-76.5319
PED-01267,2024-05-27,Colombia,Mouse Ergonómico,Medellín,4,5.0,38.425138964550044,76.4298507681973,7.977870732292988,Retrasado,6.2476,-75.5658
PED-01268,2024-12-12,México,Monitor 4K,Monterrey,7,9.0,57.54958766141964,49.86393126819926,11.109814421421213,Retrasado,25.6866,-100.3161
PED-01269,2024-10-06,Colombia,Monitor 4K,Cali,3,5.0,10.58141340620594,115.83656883832182,10.05055099663818,Retrasado,3.4516,-76.5319
PED-01270,2024-03-21,México,Teclado Mecánico,Monterrey,5,,49.96195866329201,95.31311980102498,18.034531737552857,Retrasado,25.6866,-100.3161
PED-01271,2024-02-07,Perú,Mouse Ergonómico,Trujillo,7,8.0,34.09858169319702,162.96587144129634,12.922507001640183,Retrasado,-8.115,-79.029
PED-01272,2024-08-14,Chile,Laptop Pro,Concepción,7,7.0,43.353489024979375,286.1637087733269,0.0,A tiempo,-36.8201,-73.0444
PED-01273,2024-06-25,Chile,Laptop Pro,Valparaíso,8,11.0,40.971910730372,266.5047684127013,27.808985978436578,Retrasado,-33.0472,-71.6127
PED-01274,2024-10-27,México,Monitor 4K,Monterrey,8,6.0,58.09264698241986,135.83184872943713,0.0,A tiempo,25.6866,-100.3161
PED-01275,2024-06-02,Chile,Mouse Ergonómico,Concepción,7,6.0,51.16830174172184,137.01127570867325,0.0,A tiempo,-36.8201,-73.0444
PED-01276,2024-11-23,México,Mouse Ergonómico,Guadalajara,8,7.0,37.144089992439724,106.74605470440783,0.0,A tiempo,20.6597,-103.3496
PED-01277,2024-08-05,Chile,Monitor 4K,Concepción,10,13.0,58.800659629573424,127.05428190699634,19.339647060209305,Retrasado,-36.8201,-73.0444
PED-01278,2024-12-19,Colombia,Laptop Pro,Cali,5,8.0,15.661941760715855,298.49251517031047,33.3364299359649,Retrasado,3.4516,-76.5319
PED-01279,2024-05-08,Colombia,Monitor 4K,Cali,4,6.0,33.301137904709435,109.35460404036988,28.665173351617078,Retrasado,3.4516,-76.5319
PED-01280,2024-08-21,Chile,Mouse Ergonómico,Valparaíso,8,11.0,41.85989330708444,146.59963530255692,20.870956179091188,Retrasado,-33.0472,-71.6127
PED-01281,2024-06-03,Perú,Laptop Pro,Arequipa,6,5.0,46.3432291746948,325.0127333608601,0.0,A tiempo,-16.409,-71.5375
PED-01282,2024-04-11,Chile,Hub USB-C,Valparaíso,7,8.0,55.04270748038384,93.22902246669501,5.23502422818324,Retrasado,-33.0472,-71.6127
PED-01283,2024-07-15,Colombia,Monitor 4K,Cali,3,3.0,35.21449399059529,154.09450183704604,0.0,A tiempo,3.4516,-76.5319
PED-01284,2024-09-04,Chile,Mouse Ergonómico,Santiago,9,12.0,63.3696907355596,5.405785088339513,18.322455234915275,Retrasado,-33.4489,-70.6693
PED-01285,2024-02-24,Colombia,Mouse Ergonómico,Medellín,5,5.0,29.177463003285467,182.08293245687742,0.0,A tiempo,6.2476,-75.5658
PED-01286,2024-05-01,Perú,Teclado Mecánico,Lima,6,,53.06450862963341,31.76163620437059,0.0,A tiempo,-12.0464,-77.0428
PED-01287,2024-07-14,Perú,Teclado Mecánico,Arequipa,8,10.0,45.62262677595675,74.91628700910816,17.466099802457748,Retrasado,-16.409,-71.5375
PED-01288,2024-10-19,Chile,Monitor 4K,Santiago,7,10.0,51.81989882622798,98.36329859219724,27.525684183225913,Retrasado,-33.4489,-70.6693
PED-01289,2024-07-02,Colombia,Laptop Pro,Medellín,3,3.0,34.394860480085114,294.14077317087356,0.0,A tiempo,6.2476,-75.5658
PED-01290,2024-10-21,Perú,Hub USB-C,Arequipa,7,7.0,49.01690152545624,140.2564416010622,0.0,A tiempo,-16.409,-71.5375
PED-01291,2024-05-31,México,Hub USB-C,Monterrey,5,4.0,31.962495159075036,57.68653525559063,0.0,A tiempo,25.6866,-100.3161
PED-01292,2024-12-24,Chile,Laptop Pro,Santiago,7,2.0,53.31470896330895,310.43067269932254,0.0,A tiempo,-33.4489,-70.6693
PED-01293,2024-05-31,México,Teclado Mecánico,CDMX,7,8.0,53.64561477355457,76.87151607120984,6.9234315647502145,Retrasado,19.4326,-99.1332
PED-01294,2024-01-12,Chile,Mouse Ergonómico,Valparaíso,8,10.0,43.19826523652049,111.80563917349667,15.414455163919667,Retrasado,-33.0472,-71.6127
PED-01295,2024-12-03,Colombia,Teclado Mecánico,Medellín,4,5.0,17.15612963927486,97.40910960808495,13.54000823496369,Retrasado,6.2476,-75.5658
PED-01296,2024-07-21,Colombia,Monitor 4K,Medellín,6,3.0,44.75879150503965,103.71742610731911,0.0,A tiempo,6.2476,-75.5658
PED-01297,2024-05-20,México,Teclado Mecánico,CDMX,6,6.0,54.91445510894402,78.00300670142617,0.0,A tiempo,19.4326,-99.1332
PED-01298,2024-01-05,Colombia,Laptop Pro,Cali,5,1.0,27.709189690782903,279.5974419961567,0.0,A tiempo,3.4516,-76.5319
PED-01299,2024-10-16,Colombia,Monitor 4K,Bogotá,4,8.0,18.629671168525128,111.49090056109708,37.98909233295127,Retrasado,4.711,-74.0721
PED-01300,2024-12-17,Colombia,Laptop Pro,Cali,3,2.0,21.78185171578654,337.7486202302418,0.0,A tiempo,3.4516,-76.5319
PED-01301,2024-01-26,México,Monitor 4K,Guadalajara,6,10.0,63.02590396786232,76.06882663208609,57.72652511413397,Retrasado,20.6597,-103.3496
PED-01302,2024-11-06,Colombia,Mouse Ergonómico,Medellín,6,9.0,31.37661940868046,65.2492982170836,41.52210328247194,Retrasado,6.2476,-75.5658
PED-01303,2024-09-11,Perú,Teclado Mecánico,Lima,7,6.0,44.49412932999294,124.53840662687348,0.0,A tiempo,-12.0464,-77.0428
PED-01304,2024-05-26,Chile,Laptop Pro,Santiago,8,7.0,55.09689231224656,298.6998442776924,0.0,A tiempo,-33.4489,-70.6693
PED-01305,2024-04-27,Perú,Monitor 4K,Trujillo,7,8.0,41.856018125536764,133.2199253594381,7.250583455146721,Retrasado,-8.115,-79.029
PED-01306,2024-11-06,México,Teclado Mecánico,Guadalajara,5,,65.00843030280379,63.76811146515409,0.0,A tiempo,20.6597,-103.3496
PED-01307,2024-06-29,México,Hub USB-C,Guadalajara,6,7.0,63.528005348967255,28.82244298306277,13.768479982514565,Retrasado,20.6597,-103.3496
PED-01308,2024-04-22,Colombia,Laptop Pro,Bogotá,4,4.0,25.334259287972234,278.67983672694663,0.0,A tiempo,4.711,-74.0721
PED-01309,2024-11-21,Perú,Mouse Ergonómico,Lima,6,3.0,43.713297529691395,69.34589562939937,0.0,A tiempo,-12.0464,-77.0428
PED-01310,2024-04-07,México,Monitor 4K,CDMX,6,2.0,23.8186680130772,96.848463996788,0.0,A tiempo,19.4326,-99.1332
PED-01311,2024-11-13,Chile,Laptop Pro,Santiago,7,8.0,35.18419228448632,274.5261914291844,13.003248594064893,Retrasado,-33.4489,-70.6693
PED-01312,2024-05-08,México,Laptop Pro,CDMX,6,6.0,36.60530225042244,329.640678053458,0.0,A tiempo,19.4326,-99.1332
PED-01313,2024-12-13,Perú,Hub USB-C,Arequipa,7,7.0,51.351903409873856,88.47398950309935,0.0,A tiempo,-16.409,-71.5375
PED-01314,2024-12-03,Chile,Mouse Ergonómico,Concepción,7,9.0,46.7376629555864,106.01897995095604,14.34968707725956,Retrasado,-36.8201,-73.0444
PED-01315,2024-12-14,Chile,Hub USB-C,Santiago,8,11.0,36.54664512584759,106.30538233763775,25.027391224713938,Retrasado,-33.4489,-70.6693
PED-01316,2024-03-11,Colombia,Monitor 4K,Medellín,3,3.0,27.188359575354426,107.79820369648749,0.0,A tiempo,6.2476,-75.5658
PED-01317,2024-11-17,Chile,Teclado Mecánico,Valparaíso,7,7.0,55.05337147647349,99.03483558180106,0.0,A tiempo,-33.0472,-71.6127
PED-01318,2024-02-19,Colombia,Laptop Pro,Medellín,3,5.0,35.27839349915587,320.42402761641256,18.013985624865057,Retrasado,6.2476,-75.5658
PED-01319,2024-11-17,Colombia,Monitor 4K,Bogotá,4,2.0,11.003297191411189,68.1737946469677,0.0,A tiempo,4.711,-74.0721
PED-01320,2024-11-26,México,Monitor 4K,CDMX,7,8.0,48.71736519516169,155.97671706615532,12.789885058996086,Retrasado,19.4326,-99.1332
PED-01321,2024-01-21,México,Mouse Ergonómico,Guadalajara,6,8.0,36.1665922302839,90.53850466525859,16.802178730057378,Retrasado,20.6597,-103.3496
PED-01322,2024-06-07,Colombia,Laptop Pro,Cali,4,6.0,39.01728697140274,247.53803448405273,13.574122418652177,Retrasado,3.4516,-76.5319
PED-01323,2024-08-13,Perú,Hub USB-C,Lima,7,4.0,57.84146416353499,107.52293427967092,0.0,A tiempo,-12.0464,-77.0428
PED-01324,2024-01-18,Colombia,Teclado Mecánico,Cali,4,4.0,21.019727736755414,65.9527807021006,0.0,A tiempo,3.4516,-76.5319
PED-01325,2024-10-23,Perú,Laptop Pro,Arequipa,7,6.0,42.339547975996,326.613381380355,0.0,A tiempo,-16.409,-71.5375
PED-01326,2024-07-05,Chile,Laptop Pro,Valparaíso,7,8.0,45.38732949501693,388.3842230416951,13.819875907661297,Retrasado,-33.0472,-71.6127
PED-01327,2024-03-08,Chile,Teclado Mecánico,Santiago,10,,27.472066052686607,68.537116337686,17.42348241378226,Retrasado,-33.4489,-70.6693
PED-01328,2024-02-16,Chile,Monitor 4K,Valparaíso,9,13.0,53.35968173440577,113.29489332895939,23.014195849155673,Retrasado,-33.0472,-71.6127
PED-01329,2024-05-31,Colombia,Hub USB-C,Medellín,3,3.0,27.271554536598693,29.779776451814897,0.0,A tiempo,6.2476,-75.5658
PED-01330,2024-06-16,Perú,Laptop Pro,Trujillo,8,8.0,59.70175082567859,318.15620917765386,0.0,A tiempo,-8.115,-79.029
PED-01331,2024-07-31,Colombia,Monitor 4K,Bogotá,3,6.0,19.015907820374473,64.5714480080124,33.697725290193944,Retrasado,4.711,-74.0721
PED-01332,2024-03-30,Chile,Mouse Ergonómico,Concepción,9,10.0,43.80877051750068,75.0066152626207,11.663053231282923,Retrasado,-36.8201,-73.0444
PED-01333,2024-04-12,México,Monitor 4K,Monterrey,6,10.0,34.93474741960885,55.94854040640688,41.86054834804814,Retrasado,25.6866,-100.3161
PED-01334,2024-08-03,Chile,Teclado Mecánico,Santiago,8,9.0,39.95709436505747,129.2860490421894,7.052575297362701,Retrasado,-33.4489,-70.6693
PED-01335,2024-10-03,Chile,hub_usb-c,Santiago,7,6.0,38.18018003931781,140.2921742989305,0.0,A tiempo,-33.4489,-70.6693
PED-01336,2024-07-06,México,Teclado Mecánico,Monterrey,6,4.0,59.959736788464454,100.9354085863403,0.0,A tiempo,25.6866,-100.3161
PED-01337,2024-09-28,Perú,Mouse Ergonómico,Arequipa,8,6.0,43.017381512486075,65.42293178657121,0.0,A tiempo,-16.409,-71.5375
PED-01338,2024-09-13,Chile,Monitor 4K,Santiago,8,10.0,51.24175684744613,163.5809214441545,19.77122321169683,Retrasado,-33.4489,-70.6693
PED-01339,2024-05-19,Perú,Laptop Pro,Arequipa,7,10.0,46.19236596138195,269.98359488981373,18.41814549383956,Retrasado,-16.409,-71.5375
PED-01340,2024-03-25,México,Mouse Ergonómico,Monterrey,7,12.0,37.30534733987187,13.518708002902443,29.19758307498919,Retrasado,25.6866,-100.3161
PED-01341,2024-05-11,México,Teclado Mecánico,CDMX,5,8.0,48.316995768283576,118.33556039828274,25.18694536690586,Retrasado,19.4326,-99.1332
PED-01342,2024-09-03,México,Monitor 4K,CDMX,7,10.0,55.99103331863595,55.80901305433933,24.325384665521796,Retrasado,19.4326,-99.1332
PED-01343,2024-05-31,Colombia,Teclado Mecánico,Cali,4,4.0,17.922406074566478,139.544351739967,0.0,A tiempo,3.4516,-76.5319
PED-01344,2024-06-22,Perú,Laptop Pro,Trujillo,7,6.0,58.09112790731379,284.75449213306325,0.0,A tiempo,-8.115,-79.029
PED-01345,2024-02-28,Colombia,Mouse Ergonómico,Cali,4,7.0,21.502790785223038,124.14852962176785,34.7977288577718,Retrasado,3.4516,-76.5319
PED-01346,2024-08-27,México,Mouse Ergonómico,Monterrey,5,7.0,45.170160739271594,156.06001386208632,20.352961780352103,Retrasado,25.6866,-100.3161
PED-01347,2024-02-08,Chile,Hub USB-C,Concepción,7,,55.30683123010048,51.645645415171124,6.673675307266514,Retrasado,-36.8201,-73.0444
PED-01348,2024-03-13,Colombia,Teclado Mecánico,Cali,3,4.0,23.36563842780512,77.36251476430378,14.78456672184284,Retrasado,3.4516,-76.5319
PED-01349,2024-04-25,Chile,Hub USB-C,Valparaíso,8,9.0,50.37574859335866,96.97315709371746,8.750406982402101,Retrasado,-33.0472,-71.6127
PED-01350,2024-12-12,Colombia,Mouse Ergonómico,Medellín,4,8.0,26.853091712119074,161.50205276137373,24.277024097889793,Retrasado,6.2476,-75.5658
PED-01351,2024-12-11,Perú,Monitor 4K,Arequipa,7,11.0,51.29368006703819,73.66469128238218,39.751955828629846,Retrasado,-16.409,-71.5375
PED-01352,2024-07-22,Chile,Hub USB-C,Concepción,7,9.0,26.192608944765027,76.21985216203971,27.479960232261664,Retrasado,-36.8201,-73.0444
PED-01353,2024-12-10,Colombia,Monitor 4K,Cali,3,6.0,11.703181847919172,119.12562302223233,41.61873005331989,Retrasado,3.4516,-76.5319
PED-01354,2024-07-06,México,Hub USB-C,CDMX,6,8.0,56.15967006046838,76.91085097157716,10.219318321128945,Retrasado,19.4326,-99.1332
PED-01355,2024-02-16,México,Teclado Mecánico,Guadalajara,6,6.0,60.37181405649051,106.10103531590467,0.0,A tiempo,20.6597,-103.3496
PED-01356,2024-07-21,Perú,Teclado Mecánico,Trujillo,7,9.0,40.89513296468479,37.93850316127493,15.42968434999717,Retrasado,-8.115,-79.029
PED-01357,2024-01-08,Perú,Mouse Ergonómico,Arequipa,8,6.0,47.55971647828866,188.57319770226385,0.0,A tiempo,-16.409,-71.5375
PED-01358,2024-05-15,Colombia,Teclado Mecánico,Medellín,4,7.0,32.94719252902301,46.09163078762386,40.43370811088623,Retrasado,6.2476,-75.5658
PED-01359,2024-10-01,México,hub_usb-c,Guadalajara,7,6.0,56.93217601658704,87.12989184039166,0.0,A tiempo,20.6597,-103.3496
PED-01360,2024-03-04,Chile,Hub USB-C,Santiago,8,9.0,29.723227283291514,98.70075856631621,10.9623107984235,Retrasado,-33.4489,-70.6693
PED-01361,2024-08-20,Colombia,Monitor 4K,Cali,3,2.0,21.13959753021623,176.50752537427184,0.0,A tiempo,3.4516,-76.5319
PED-01362,2024-07-07,Colombia,Laptop Pro,Medellín,5,7.0,26.67420620150125,247.00616876269038,26.26240545242839,Retrasado,6.2476,-75.5658
PED-01363,2024-10-12,México,Hub USB-C,CDMX,5,5.0,57.03140197236049,179.34816541915006,0.0,A tiempo,19.4326,-99.1332
PED-01364,2024-12-10,Perú,Monitor 4K,Lima,6,4.0,74.98430483721495,130.2870728440809,0.0,A tiempo,-12.0464,-77.0428
PED-01365,2024-05-14,Chile,Mouse Ergonómico,Concepción,7,9.0,47.71994273190282,116.68381297692984,21.05494895193407,Retrasado,-36.8201,-73.0444
PED-01366,2024-10-26,Perú,Teclado Mecánico,Trujillo,8,8.0,35.93022537896012,60.61465251928178,0.0,A tiempo,-8.115,-79.029
PED-01367,2024-07-14,Colombia,Teclado Mecánico,Bogotá,4,7.0,34.02268077201298,122.84564968152296,44.88440492800015,Retrasado,4.711,-74.0721
PED-01368,2024-11-22,Colombia,Hub USB-C,Medellín,3,4.0,43.2099578954071,71.060535103208,6.165446099986326,Retrasado,6.2476,-75.5658
PED-01369,2024-07-09,México,Teclado Mecánico,CDMX,8,9.0,51.08014120979501,150.66645012793649,13.49543759554122,Retrasado,19.4326,-99.1332
PED-01370,2024-02-25,Perú,Mouse Ergonómico,Arequipa,9,8.0,40.93351454845707,61.157518835690674,0.0,A tiempo,-16.409,-71.5375
PED-01371,2024-12-11,Colombia,Laptop Pro,Cali,4,4.0,39.579939414800194,295.47366022175663,0.0,A tiempo,3.4516,-76.5319
PED-01372,2024-04-29,Colombia,Hub USB-C,Bogotá,3,3.0,36.63545618498435,77.78907647947314,0.0,A tiempo,4.711,-74.0721
PED-01373,2024-08-29,Perú,Mouse Ergonómico,Arequipa,6,9.0,39.73919155804376,60.49908150292021,16.67896671786021,Retrasado,-16.409,-71.5375
PED-01374,2024-01-13,México,Monitor 4K,Monterrey,5,10.0,53.81425617534342,129.65279267631658,50.323055938353995,Retrasado,25.6866,-100.3161
PED-01375,2024-11-13,México,Laptop Pro,CDMX,6,5.0,59.97265567658873,321.41834989638534,0.0,A tiempo,19.4326,-99.1332
PED-01376,2024-10-14,Chile,Hub USB-C,Valparaíso,8,11.0,61.818900425588936,148.3604079560399,21.40384548416906,Retrasado,-33.0472,-71.6127
PED-01377,2024-06-16,Chile,Teclado Mecánico,Santiago,13,9.0,49.33551024690544,28.80499567167331,0.0,A tiempo,-33.4489,-70.6693
PED-01378,2024-11-08,Chile,Hub USB-C,Concepción,7,6.0,46.41920553820681,142.56682809364176,0.0,A tiempo,-36.8201,-73.0444
PED-01379,2024-04-23,Perú,Monitor 4K,Trujillo,6,5.0,62.27273822081263,200.21795621427574,0.0,A tiempo,-8.115,-79.029
PED-01380,2024-11-27,Chile,Teclado Mecánico,Santiago,7,5.0,37.89839497019115,81.93435643292213,0.0,A tiempo,-33.4489,-70.6693
PED-01381,2024-02-02,Chile,Laptop Pro,Concepción,7,5.0,54.38579290921005,375.8059444843588,0.0,A tiempo,-36.8201,-73.0444
PED-01382,2024-11-21,Perú,Hub USB-C,Trujillo,8,10.0,36.29973372635571,89.47354911760694,20.389055330351127,Retrasado,-8.115,-79.029
PED-01383,2024-08-25,Chile,Mouse Ergonómico,Santiago,7,7.0,60.65376272259603,45.10361049754772,0.0,A tiempo,-33.4489,-70.6693
PED-01384,2024-12-24,México,Monitor 4K,Monterrey,7,8.0,47.41954484388839,87.77470230372818,13.00692800916731,Retrasado,25.6866,-100.3161
PED-01385,2024-06-03,Colombia,Hub USB-C,Bogotá,4,6.0,42.68583235647469,141.92815870701105,19.042044115286284,Retrasado,4.711,-74.0721
PED-01386,2024-11-28,México,Mouse Ergonómico,CDMX,5,6.0,54.91412756355527,66.47294070673874,13.174809350901404,Retrasado,19.4326,-99.1332
PED-01387,2024-07-28,México,Hub USB-C,CDMX,6,8.0,37.7677976993807,75.98645363974052,20.67441322704161,Retrasado,19.4326,-99.1332
PED-01388,2024-02-29,Colombia,Monitor 4K,Cali,5,5.0,44.246277320772435,123.74157729172764,0.0,A tiempo,3.4516,-76.5319
PED-01389,2024-03-12,México,Hub USB-C,Monterrey,5,4.0,65.51245266427729,100.12240466954292,0.0,A tiempo,25.6866,-100.3161
PED-01390,2024-01-24,Colombia,Teclado Mecánico,Cali,3,6.0,38.82286492599216,123.38491809946963,36.53166764230474,Retrasado,3.4516,-76.5319
PED-01391,2024-01-20,México,Teclado Mecánico,Guadalajara,5,5.0,42.3841213496378,109.51318163033343,0.0,A tiempo,20.6597,-103.3496
PED-01392,2024-06-04,Perú,Mouse Ergonómico,Lima,7,6.0,46.93986045642591,119.18501278206293,0.0,A tiempo,-12.0464,-77.0428
PED-01393,2024-09-09,Perú,Teclado Mecánico,Trujillo,6,6.0,51.45427217405759,82.70795256761835,0.0,A tiempo,-8.115,-79.029
PED-01394,2024-02-29,Chile,Laptop Pro,Valparaíso,9,8.0,42.96289600668567,309.2692376812157,0.0,A tiempo,-33.0472,-71.6127
PED-01395,2024-02-19,Perú,Laptop Pro,Lima,7,7.0,66.92346572463205,262.90507977216265,0.0,A tiempo,-12.0464,-77.0428
PED-01396,2024-04-30,Colombia,Hub USB-C,Medellín,3,4.0,31.44326471726037,151.53734490013554,11.734208002468705,Retrasado,6.2476,-75.5658
PED-01397,2024-10-02,Chile,Laptop Pro,Valparaíso,7,8.0,22.966519528926426,274.62901132730747,5.183486616736326,Retrasado,-33.0472,-71.6127
PED-01398,2024-03-10,México,Laptop Pro,Guadalajara,7,6.0,53.3935581275622,345.15389950197556,0.0,A tiempo,20.6597,-103.3496
PED-01399,2024-07-17,Perú,Monitor 4K,Trujillo,7,7.0,46.51842603182687,90.65572156068538,0.0,A tiempo,-8.115,-79.029
PED-01400,2024-08-20,Chile,Monitor 4K,Concepción,7,10.0,49.25073443881552,108.07996043029286,24.300655386483072,Retrasado,-36.8201,-73.0444
PED-01401,2024-08-07,Perú,Laptop Pro,Lima,7,9.0,46.313806342143,280.20141796437196,20.558196558878485,Retrasado,-12.0464,-77.0428
PED-01402,2024-12-09,Chile,Monitor 4K,Concepción,7,13.0,58.07046416606687,59.360182753278835,42.95553605633745,Retrasado,-36.8201,-73.0444
PED-01403,2024-12-22,Colombia,Laptop Pro,Medellín,7,10.0,41.196877785533815,230.20958449578794,41.534139407265826,Retrasado,6.2476,-75.5658
PED-01404,2024-10-03,Colombia,Mouse Ergonómico,Medellín,4,7.0,32.830531622586534,57.78703365630162,17.56106337979696,Retrasado,6.2476,-75.5658
PED-01405,2024-08-02,México,Monitor 4K,CDMX,10,8.0,46.60688812861841,87.04364587136313,0.0,A tiempo,19.4326,-99.1332
PED-01406,2024-10-27,Chile,Laptop Pro,Concepción,8,10.0,49.5866279519083,308.4751671531554,26.988445389097798,Retrasado,-36.8201,-73.0444
PED-01407,2024-03-20,Colombia,Laptop Pro,Medellín,3,3.0,30.195996165776283,340.41517253133054,0.0,A tiempo,6.2476,-75.5658
PED-01408,2024-07-31,México,Hub USB-C,Monterrey,7,7.0,41.975699601351636,82.16970160812605,0.0,A tiempo,25.6866,-100.3161
PED-01409,2024-12-01,Chile,Mouse Ergonómico,Valparaíso,11,12.0,55.789286485712346,64.72156942931304,9.207602077764607,Retrasado,-33.0472,-71.6127
PED-01410,2024-02-20,México,Mouse Ergonómico,Monterrey,7,10.0,54.60042323860466,42.2914085598915,36.20083141027544,Retrasado,25.6866,-100.3161
PED-01411,2024-09-07,Colombia,Hub USB-C,Bogotá,4,6.0,45.404412397766734,119.20254471616416,29.465214867277986,Retrasado,4.711,-74.0721
PED-01412,2024-11-11,México,Hub USB-C,Monterrey,5,4.0,62.55349780288475,155.32778061317373,0.0,A tiempo,25.6866,-100.3161
PED-01413,2024-07-27,Chile,Hub USB-C,Valparaíso,9,11.0,43.1432508240987,150.65321071825156,16.848656167647533,Retrasado,-33.0472,-71.6127
PED-01414,2024-05-23,Perú,Teclado Mecánico,Arequipa,8,8.0,58.20298374508965,128.3973099258895,0.0,A tiempo,-16.409,-71.5375
PED-01415,2024-01-17,Colombia,Laptop Pro,Medellín,3,4.0,20.49046616905528,325.54173269070395,5.035046635310582,Retrasado,6.2476,-75.5658
PED-01416,2024-12-19,Chile,Teclado Mecánico,Valparaíso,7,7.0,56.9593210094085,167.90495118837364,0.0,A tiempo,-33.0472,-71.6127
PED-01417,2024-07-08,Chile,Monitor 4K,Concepción,7,7.0,44.83385801239892,113.28325845667243,0.0,A tiempo,-36.8201,-73.0444
PED-01418,2024-04-21,México,Hub USB-C,CDMX,6,8.0,39.76746776624415,125.84518704096686,13.989253736661041,Retrasado,19.4326,-99.1332
PED-01419,2024-08-15,Colombia,Laptop Pro,Bogotá,4,3.0,32.800453426974045,287.16864552592006,0.0,A tiempo,4.711,-74.0721
PED-01420,2024-08-15,Perú,Laptop Pro,Trujillo,6,11.0,23.25432871845859,245.5182651658097,36.85740366182511,Retrasado,-8.115,-79.029
PED-01421,2024-04-30,Perú,Monitor 4K,Arequipa,8,5.0,32.490244255947715,72.64604398001694,0.0,A tiempo,-16.409,-71.5375
PED-01422,2024-07-04,México,Mouse Ergonómico,Guadalajara,6,6.0,48.22508116225717,99.63363845861379,0.0,A tiempo,20.6597,-103.3496
PED-01423,2024-02-20,Colombia,Laptop Pro,Medellín,4,5.0,30.824417666348424,302.4314149000521,11.243355265512054,Retrasado,6.2476,-75.5658
PED-01424,2024-12-17,Perú,Mouse Ergonómico,Arequipa,6,8.0,46.30681229841811,177.05143419421574,14.752424351208408,Retrasado,-16.409,-71.5375
PED-01425,2024-07-07,Colombia,Laptop Pro,Medellín,3,3.0,14.205637012824013,303.2510867036427,0.0,A tiempo,6.2476,-75.5658
PED-01426,2024-10-05,México,Teclado Mecánico,CDMX,6,6.0,41.821081578614944,147.15373776102575,0.0,A tiempo,19.4326,-99.1332
PED-01427,2024-11-26,Colombia,Hub USB-C,Cali,4,6.0,33.91209327237394,82.59691033694736,26.300155539675153,Retrasado,3.4516,-76.5319
PED-01428,2024-07-02,Colombia,Mouse Ergonómico,Medellín,4,4.0,35.81781770628363,87.53296456939063,0.0,A tiempo,6.2476,-75.5658
PED-01429,2024-01-02,Colombia,Teclado Mecánico,Cali,4,8.0,29.837768824040587,46.83969451106207,59.29058245422785,Retrasado,3.4516,-76.5319
PED-01430,2024-07-22,México,Laptop Pro,Monterrey,8,11.0,61.56833781036989,270.3068794849371,36.25861201305393,Retrasado,25.6866,-100.3161
PED-01431,2024-05-21,México,Hub USB-C,CDMX,6,9.0,53.97397023459234,121.07925565455012,16.873480670003453,Retrasado,19.4326,-99.1332
PED-01432,2024-04-07,México,Teclado Mecánico,Guadalajara,6,5.0,42.525443460417875,100.30240721576533,0.0,A tiempo,20.6597,-103.3496
PED-01433,2024-03-03,Perú,Hub USB-C,Trujillo,7,7.0,47.194979465883826,137.71754479588935,0.0,A tiempo,-8.115,-79.029
PED-01434,2024-08-20,Chile,laptop_pro,Santiago,7,7.0,35.97133842792145,307.25015793380203,0.0,A tiempo,-33.4489,-70.6693
PED-01435,2024-02-16,Colombia,Laptop Pro,Bogotá,4,3.0,28.918610096085832,285.9018507344903,0.0,A tiempo,4.711,-74.0721
PED-01436,2024-12-05,Chile,Teclado Mecánico,Santiago,8,9.0,61.121006192213386,185.93187455147836,10.114867692088335,Retrasado,-33.4489,-70.6693
PED-01437,2024-04-18,Colombia,Laptop Pro,Medellín,3,3.0,36.85290084710968,296.2438572514781,0.0,A tiempo,6.2476,-75.5658
PED-01438,2024-11-24,Colombia,Monitor 4K,Medellín,3,5.0,44.02009325919122,146.52003878821216,28.417723156603902,Retrasado,6.2476,-75.5658
PED-01439,2024-11-23,Colombia,Hub USB-C,Cali,3,2.0,26.971147562010067,83.9516317382129,0.0,A tiempo,3.4516,-76.5319
PED-01440,2024-11-01,México,Laptop Pro,Monterrey,6,,63.46099794514258,328.3839791753427,70.40660282803154,Retrasado,25.6866,-100.3161
PED-01441,2024-01-11,Perú,Laptop Pro,Lima,8,7.0,48.066957735520305,337.1206263660675,0.0,A tiempo,-12.0464,-77.0428
PED-01442,2024-01-26,México,Monitor 4K,Guadalajara,6,7.0,64.71585082569894,108.33967882302323,5.061286473136808,Retrasado,20.6597,-103.3496
PED-01443,2024-06-19,Colombia,Hub USB-C,Medellín,4,6.0,29.78143252557876,5.8206830921359085,19.28270374397464,Retrasado,6.2476,-75.5658
PED-01444,2024-05-04,Chile,Mouse Ergonómico,Santiago,7,7.0,57.072313738042766,100.73009843424452,0.0,A tiempo,-33.4489,-70.6693
PED-01445,2024-03-05,Colombia,Monitor 4K,Bogotá,6,9.0,44.75112364309855,149.21840191039902,42.260782989087176,Retrasado,4.711,-74.0721
PED-01446,2024-10-16,Colombia,monitor_4k,Medellín,5,3.0,28.065723714187943,121.09923332110921,0.0,A tiempo,6.2476,-75.5658
PED-01447,2024-04-15,Perú,Hub USB-C,Trujillo,6,10.0,52.18388987544174,117.83355500916986,22.997760507939873,Retrasado,-8.115,-79.029
PED-01448,2024-02-05,Colombia,Monitor 4K,Medellín,4,5.0,42.88863425206302,31.109722641699236,6.102767282765669,Retrasado,6.2476,-75.5658
PED-01449,2024-10-10,México,Hub USB-C,Monterrey,5,5.0,48.669968360699364,71.18179717299765,0.0,A tiempo,25.6866,-100.3161
PED-01450,2024-04-16,Perú,Monitor 4K,Lima,7,7.0,36.79107717493839,116.45430524605756,0.0,A tiempo,-12.0464,-77.0428
PED-01451,2024-10-27,Perú,Hub USB-C,Trujillo,6,9.0,71.4300705458491,116.41533107147568,35.78727454704243,Retrasado,-8.115,-79.029
PED-01452,2024-04-20,Perú,Hub USB-C,Arequipa,6,6.0,45.30235535662863,148.5866712053161,0.0,A tiempo,-16.409,-71.5375
PED-01453,2024-04-29,Colombia,Mouse Ergonómico,Cali,5,5.0,31.58756050937543,94.20532979415623,0.0,A tiempo,3.4516,-76.5319
PED-01454,2024-06-17,Perú,Laptop Pro,Trujillo,8,8.0,61.56006669451127,316.2329634669526,0.0,A tiempo,-8.115,-79.029
PED-01455,2024-03-16,Perú,Hub USB-C,Lima,8,7.0,43.91506096268798,100.65496967725174,0.0,A tiempo,-12.0464,-77.0428
PED-01456,2024-11-01,México,Teclado Mecánico,CDMX,5,10.0,39.9213208677787,60.52229053993773,25.858649533118477,Retrasado,19.4326,-99.1332
PED-01457,2024-01-02,Chile,Mouse Ergonómico,Santiago,9,9.0,52.53737296774833,9.768346756210093,0.0,A tiempo,-33.4489,-70.6693
PED-01458,2024-05-21,México,Mouse Ergonómico,Monterrey,6,9.0,32.069236020876104,117.24038768520307,26.060322715474342,Retrasado,25.6866,-100.3161
PED-01459,2024-03-15,México,Laptop Pro,Monterrey,5,6.0,47.1209392313208,306.95788833651244,5.100904050218816,Retrasado,25.6866,-100.3161
PED-01460,2024-03-07,Chile,Monitor 4K,Concepción,8,7.0,52.45038664315406,75.27299831599325,0.0,A tiempo,-36.8201,-73.0444
PED-01461,2024-10-03,Chile,Monitor 4K,Valparaíso,8,8.0,47.30048103174836,35.2330777393654,0.0,A tiempo,-33.0472,-71.6127
PED-01462,2024-05-08,Perú,Hub USB-C,Lima,6,8.0,34.56549056814253,125.18958057634953,29.31251445675185,Retrasado,-12.0464,-77.0428
PED-01463,2024-03-30,México,Mouse Ergonómico,Monterrey,6,6.0,65.94177956204013,89.36319703217792,0.0,A tiempo,25.6866,-100.3161
PED-01464,2024-02-26,Colombia,Hub USB-C,Cali,3,6.0,31.035381539491755,122.27498889472582,20.43743418198465,Retrasado,3.4516,-76.5319
PED-01465,2024-12-04,México,Teclado Mecánico,Monterrey,5,8.0,64.31152117761741,174.56194121647033,31.966167438589803,Retrasado,25.6866,-100.3161
PED-01466,2024-01-14,Chile,Monitor 4K,Valparaíso,7,10.0,47.39963749819555,14.342764787211806,34.11914479284974,Retrasado,-33.0472,-71.6127
PED-01467,2024-03-08,Perú,Hub USB-C,Trujillo,6,6.0,41.19988018309236,72.01596765190544,0.0,A tiempo,-8.115,-79.029
PED-01468,2024-01-08,Perú,Hub USB-C,Trujillo,8,7.0,52.691809202551596,91.62497546752347,0.0,A tiempo,-8.115,-79.029
PED-01469,2024-07-02,Perú,mouse_ergonómico,Arequipa,9,9.0,47.842128736717804,158.19304696586602,0.0,A tiempo,-16.409,-71.5375
PED-01470,2024-05-01,Colombia,Teclado Mecánico,Bogotá,3,4.0,18.222385420086418,34.543879231740604,11.38739256289238,Retrasado,4.711,-74.0721
PED-01471,2024-10-28,Colombia,teclado_mecánico,Bogotá,3,5.0,44.69784258787496,177.43444102722418,26.940938377411097,Retrasado,4.711,-74.0721
PED-01472,2024-06-14,Chile,Hub USB-C,Santiago,9,5.0,43.77729777106004,105.43423606265162,0.0,A tiempo,-33.4489,-70.6693
PED-01473,2024-01-09,Perú,Teclado Mecánico,Lima,7,7.0,31.597336152044313,96.15997353064567,0.0,A tiempo,-12.0464,-77.0428
PED-01474,2024-03-30,México,Teclado Mecánico,Monterrey,8,9.0,63.28166053957332,92.07760947124375,14.771829065949959,Retrasado,25.6866,-100.3161
PED-01475,2024-05-15,Perú,Mouse Ergonómico,Arequipa,8,8.0,44.957019841873766,82.54947871279884,0.0,A tiempo,-16.409,-71.5375
PED-01476,2024-01-27,México,Mouse Ergonómico,Guadalajara,7,11.0,43.921761073843754,141.9246703707662,54.674943311967155,Retrasado,20.6597,-103.3496
PED-01477,2024-03-05,México,Teclado Mecánico,Guadalajara,8,10.0,32.34612412970026,57.25916983670245,29.065847927325798,Retrasado,20.6597,-103.3496
PED-01478,2024-08-03,Colombia,Hub USB-C,Medellín,3,,47.40941486596991,113.81656726575414,47.014185080346365,Retrasado,6.2476,-75.5658
PED-01479,2024-09-26,Perú,Monitor 4K,Lima,7,7.0,37.105194127903125,84.63273337172097,0.0,A tiempo,-12.0464,-77.0428
PED-01480,2024-02-28,Chile,Hub USB-C,Concepción,9,12.0,50.5844948070565,69.51466205943609,15.105325527319518,Retrasado,-36.8201,-73.0444
PED-01481,2024-02-02,Perú,Hub USB-C,Trujillo,7,12.0,59.1262032254044,203.43900702735584,27.000982036950298,Retrasado,-8.115,-79.029
PED-01482,2024-08-31,Perú,Monitor 4K,Arequipa,7,11.0,54.21716933003097,116.7620293901384,28.034048642044652,Retrasado,-16.409,-71.5375
PED-01483,2024-08-17,Chile,Mouse Ergonómico,Valparaíso,10,9.0,49.40345688007808,124.53062178644575,0.0,A tiempo,-33.0472,-71.6127
PED-01484,2024-07-04,Chile,hub_usb-c,Santiago,11,11.0,32.98334141712584,145.51107122674648,0.0,A tiempo,-33.4489,-70.6693
PED-01485,2024-09-19,Perú,Teclado Mecánico,Arequipa,7,7.0,41.90275164232716,43.14600218725811,0.0,A tiempo,-16.409,-71.5375
PED-01486,2024-10-30,Chile,Teclado Mecánico,Concepción,7,9.0,51.87800338042522,170.09167636488127,17.201309871014566,Retrasado,-36.8201,-73.0444
PED-01487,2024-02-25,México,Mouse Ergonómico,Guadalajara,5,7.0,42.12825930013004,-0.35828713980302496,18.41075380137753,Retrasado,20.6597,-103.3496
PED-01488,2024-08-19,Colombia,Mouse Ergonómico,Bogotá,7,6.0,32.03359459998768,69.24934359845918,0.0,A tiempo,4.711,-74.0721
PED-01489,2024-09-14,Chile,Mouse Ergonómico,Santiago,9,10.0,56.817434088151415,81.63873307284399,5.423619319527821,Retrasado,-33.4489,-70.6693
PED-01490,2024-04-23,México,Laptop Pro,CDMX,5,1.0,59.625028858001016,323.26893459882024,0.0,A tiempo,19.4326,-99.1332
PED-01491,2024-11-10,Colombia,Laptop Pro,Medellín,5,9.0,17.738206421873166,308.7487306456595,41.493392993723106,Retrasado,6.2476,-75.5658
PED-01492,2024-01-23,Chile,Teclado Mecánico,Valparaíso,7,7.0,71.96646054978955,93.32741037206426,0.0,A tiempo,-33.0472,-71.6127
PED-01493,2024-12-03,Colombia,Hub USB-C,Bogotá,4,5.0,37.674793445541304,99.52010621489104,11.344399411683524,Retrasado,4.711,-74.0721
PED-01494,2024-09-23,Perú,Laptop Pro,Trujillo,8,8.0,49.98285846330936,260.87907905909725,0.0,A tiempo,-8.115,-79.029
PED-01495,2024-06-03,Chile,Hub USB-C,Concepción,7,10.0,60.89536583076641,40.11070422063307,27.830787273486138,Retrasado,-36.8201,-73.0444
PED-01496,2024-08-22,México,Monitor 4K,Monterrey,7,1.0,73.65407771999973,129.0604648934424,0.0,A tiempo,25.6866,-100.3161
PED-01497,2024-11-25,México,Teclado Mecánico,Guadalajara,6,6.0,35.612798989431305,127.74824450144742,0.0,A tiempo,20.6597,-103.3496
PED-01498,2024-01-16,Colombia,Laptop Pro,Medellín,4,4.0,27.747373575086463,363.37977500628233,0.0,A tiempo,6.2476,-75.5658
PED-01499,2024-02-01,México,Teclado Mecánico,Guadalajara,6,6.0,26.215683401266716,68.39931612739167,0.0,A tiempo,20.6597,-103.3496
PED-01500,2024-09-02,México,Monitor 4K,Monterrey,7,12.0,51.92651532648025,127.7126084120369,57.23584189073715,Retrasado,25.6866,-100.3161
PED-01501,2024-07-24,Chile,Monitor 4K,Valparaíso,7,6.0,53.65394241925141,88.65173086541073,0.0,A tiempo,-33.0472,-71.6127
PED-01502,2024-08-06,Colombia,Teclado Mecánico,Cali,4,6.0,29.608378845572407,147.6189994077393,21.2104436979018,Retrasado,3.4516,-76.5319
PED-01503,2024-12-17,México,Laptop Pro,Guadalajara,5,6.0,43.4546642900169,340.87851106712566,14.813282911384428,Retrasado,20.6597,-103.3496
PED-01504,2024-02-25,Perú,Teclado Mecánico,Arequipa,6,10.0,29.50485483811675,108.44837596897827,40.73260460810089,Retrasado,-16.409,-71.5375
PED-01505,2024-09-08,Chile,Hub USB-C,Concepción,10,10.0,53.73533683411769,86.41879373336053,0.0,A tiempo,-36.8201,-73.0444
PED-01506,2024-12-30,México,hub_usb-c,CDMX,6,6.0,64.55434483915325,138.43728714433047,0.0,A tiempo,19.4326,-99.1332
PED-01507,2024-08-15,México,Hub USB-C,Monterrey,7,10.0,44.08981544266568,125.87618093026263,44.96534481553894,Retrasado,25.6866,-100.3161
PED-01508,2024-02-07,México,Hub USB-C,Guadalajara,6,8.0,54.40059929023145,72.62238391655269,21.584400704551157,Retrasado,20.6597,-103.3496
PED-01509,2024-02-11,Chile,Hub USB-C,Concepción,8,6.0,34.31855686579949,46.88805306082276,0.0,A tiempo,-36.8201,-73.0444
PED-01510,2024-06-13,Chile,Monitor 4K,Concepción,7,7.0,54.57213063692514,88.45868397272815,0.0,A tiempo,-36.8201,-73.0444
PED-01511,2024-11-07,Colombia,Laptop Pro,Bogotá,3,4.0,26.06617702255343,360.6165526139284,7.745726956795966,Retrasado,4.711,-74.0721
PED-01512,2024-03-16,Chile,Laptop Pro,Valparaíso,8,11.0,42.375820493970856,345.8594863493215,15.97443966107684,Retrasado,-33.0472,-71.6127
PED-01513,2024-02-03,México,Mouse Ergonómico,CDMX,6,6.0,42.39636358783869,55.506901213176775,0.0,A tiempo,19.4326,-99.1332
PED-01514,2024-03-05,México,Teclado Mecánico,Guadalajara,5,0.0,46.0638841796699,53.28970336400316,0.0,A tiempo,20.6597,-103.3496
PED-01515,2024-05-20,Perú,Monitor 4K,Lima,7,9.0,53.824333156925356,150.98735398717946,25.93097108092997,Retrasado,-12.0464,-77.0428
PED-01516,2024-11-15,Chile,Monitor 4K,Santiago,8,6.0,36.87836798804482,54.574563809686836,0.0,A tiempo,-33.4489,-70.6693
PED-01517,2024-11-20,México,Teclado Mecánico,Monterrey,5,1.0,46.02884668432147,120.37181294568032,0.0,A tiempo,25.6866,-100.3161
PED-01518,2024-10-26,Perú,Teclado Mecánico,Arequipa,6,0.0,49.58528222000852,75.35715138654706,0.0,A tiempo,-16.409,-71.5375
PED-01519,2024-10-07,Colombia,Hub USB-C,Cali,4,7.0,19.009607754681408,164.68179698086732,25.84935983265059,Retrasado,3.4516,-76.5319
PED-01520,2024-12-30,Colombia,Monitor 4K,Bogotá,5,6.0,47.966652016750174,69.18300803448484,11.013762114431604,Retrasado,4.711,-74.0721
PED-01521,2024-06-15,Colombia,Monitor 4K,Medellín,3,3.0,21.465045199386584,145.73446120823314,0.0,A tiempo,6.2476,-75.5658
PED-01522,2024-07-14,México,Teclado Mecánico,CDMX,6,10.0,43.305630863665094,107.39434616241459,42.41893928694007,Retrasado,19.4326,-99.1332
PED-01523,2024-11-01,México,Teclado Mecánico,CDMX,5,7.0,40.21692050177502,110.08779416937146,28.29391487042429,Retrasado,19.4326,-99.1332
PED-01524,2024-09-28,Colombia,Laptop Pro,Medellín,3,8.0,47.984800871381175,221.18765674594397,58.722053568343426,Retrasado,6.2476,-75.5658
PED-01525,2024-05-30,Perú,Hub USB-C,Arequipa,6,4.0,55.529052285994815,11.88346587177125,0.0,A tiempo,-16.409,-71.5375
PED-01526,2024-08-20,Colombia,Mouse Ergonómico,Medellín,5,5.0,20.634079937563577,91.17736238930745,0.0,A tiempo,6.2476,-75.5658
PED-01527,2024-09-15,Chile,Hub USB-C,Concepción,8,5.0,61.06231558859969,109.87624253666446,0.0,A tiempo,-36.8201,-73.0444
PED-01528,2024-05-11,México,Monitor 4K,Monterrey,6,6.0,52.00698694288878,54.992086890491066,0.0,A tiempo,25.6866,-100.3161
PED-01529,2024-08-08,México,Laptop Pro,CDMX,6,6.0,52.57253421111502,256.4522635809463,0.0,A tiempo,19.4326,-99.1332
PED-01530,2024-02-20,Chile,Teclado Mecánico,Valparaíso,8,10.0,46.55522791247547,122.45890519304533,22.507952597608252,Retrasado,-33.0472,-71.6127
PED-01531,2024-12-25,México,Mouse Ergonómico,Monterrey,5,6.0,42.505840130430265,122.51417921828522,13.169684504748762,Retrasado,25.6866,-100.3161
PED-01532,2024-02-28,Chile,Monitor 4K,Concepción,8,10.0,53.37766099054601,94.49035758448292,23.071214510903857,Retrasado,-36.8201,-73.0444
PED-01533,2024-12-01,Colombia,Mouse Ergonómico,Cali,3,5.0,24.549127700044096,131.208068847443,26.787417270757807,Retrasado,3.4516,-76.5319
PED-01534,2024-11-29,Colombia,Hub USB-C,Bogotá,4,10.0,48.16755629575105,53.03190817119414,86.66927279071461,Retrasado,4.711,-74.0721
PED-01535,2024-10-09,México,Laptop Pro,Guadalajara,5,5.0,37.30708894756896,285.76260331652117,0.0,A tiempo,20.6597,-103.3496
PED-01536,2024-04-20,México,Hub USB-C,CDMX,8,7.0,65.36156772854946,165.91510423134693,0.0,A tiempo,19.4326,-99.1332
PED-01537,2024-08-08,Colombia,Teclado Mecánico,Cali,3,4.0,28.886811512021993,102.73288519759271,9.8399075033254,Retrasado,3.4516,-76.5319
PED-01538,2024-08-19,Chile,Laptop Pro,Santiago,8,7.0,52.99085734021106,305.05250058347997,0.0,A tiempo,-33.4489,-70.6693
PED-01539,2024-04-26,Colombia,Hub USB-C,Bogotá,3,7.0,38.33157766629435,192.23786343870958,29.087650127288644,Retrasado,4.711,-74.0721
PED-01540,2024-07-30,Chile,Mouse Ergonómico,Concepción,9,9.0,43.69750704995564,44.026313366049166,0.0,A tiempo,-36.8201,-73.0444
PED-01541,2024-06-22,Perú,Laptop Pro,Lima,6,6.0,58.642483846986366,331.8572146656844,0.0,A tiempo,-12.0464,-77.0428
PED-01542,2024-08-20,Colombia,Laptop Pro,Cali,3,3.0,5.0,366.559451192324,0.0,A tiempo,3.4516,-76.5319
PED-01543,2024-07-23,Chile,Teclado Mecánico,Valparaíso,8,10.0,42.80010466778061,87.00568294005815,23.899349212116935,Retrasado,-33.0472,-71.6127
PED-01544,2024-07-31,Chile,Teclado Mecánico,Valparaíso,9,9.0,40.759371926589345,134.38523147419386,0.0,A tiempo,-33.0472,-71.6127
PED-01545,2024-02-18,Chile,Mouse Ergonómico,Concepción,7,7.0,37.464939876282386,60.71922011156381,0.0,A tiempo,-36.8201,-73.0444
PED-01546,2024-06-09,México,Mouse Ergonómico,Monterrey,5,10.0,47.85045161921049,72.53070417730594,42.804483687737346,Retrasado,25.6866,-100.3161
PED-01547,2024-08-06,México,Laptop Pro,Monterrey,8,7.0,53.85749968181695,315.39865664190535,0.0,A tiempo,25.6866,-100.3161
PED-01548,2024-06-09,Perú,Monitor 4K,Trujillo,6,7.0,57.026599984993055,131.9426669244236,6.063058213129514,Retrasado,-8.115,-79.029
PED-01549,2024-12-06,Perú,Hub USB-C,Trujillo,9,11.0,52.40876757200407,144.83746049624983,28.134847451451076,Retrasado,-8.115,-79.029
PED-01550,2024-05-10,Chile,Laptop Pro,Concepción,9,6.0,43.34306535106453,362.7851434775797,0.0,A tiempo,-36.8201,-73.0444
PED-01551,2024-07-10,México,Mouse Ergonómico,Monterrey,6,8.0,53.69016437825167,97.30213765779271,13.282288791915807,Retrasado,25.6866,-100.3161
PED-01552,2024-03-19,Chile,Laptop Pro,Santiago,8,7.0,51.2428569485085,347.74447020690354,0.0,A tiempo,-33.4489,-70.6693
PED-01553,2024-12-17,México,Teclado Mecánico,Guadalajara,7,10.0,59.36056167936016,86.30780626203403,24.89193321438637,Retrasado,20.6597,-103.3496
PED-01554,2024-08-30,México,Hub USB-C,Guadalajara,6,5.0,57.76936702931516,136.0836524635307,0.0,A tiempo,20.6597,-103.3496
PED-01555,2024-02-04,Perú,Laptop Pro,Arequipa,8,10.0,50.30476413920629,308.29955191408726,14.096424941517089,Retrasado,-16.409,-71.5375
PED-01556,2024-02-16,Chile,Teclado Mecánico,Santiago,7,10.0,41.02746993838743,117.82711628327695,24.042747353956756,Retrasado,-33.4489,-70.6693
PED-01557,2024-02-13,Chile,Hub USB-C,Santiago,8,11.0,43.47049844167919,116.9403149608815,21.026122070749732,Retrasado,-33.4489,-70.6693
PED-01558,2024-02-17,México,Hub USB-C,CDMX,7,8.0,44.50210640361966,35.81179960808751,12.742605684324513,Retrasado,19.4326,-99.1332
PED-01559,2024-08-09,México,Monitor 4K,Guadalajara,5,5.0,46.84733666083744,55.03512564556907,0.0,A tiempo,20.6597,-103.3496
PED-01560,2024-02-19,Colombia,Teclado Mecánico,Medellín,4,4.0,32.68050427589753,104.1016575927009,0.0,A tiempo,6.2476,-75.5658
PED-01561,2024-07-09,Perú,Hub USB-C,Arequipa,6,10.0,57.15174390128058,32.50883681435326,35.48871428316819,Retrasado,-16.409,-71.5375
PED-01562,2024-03-07,Colombia,Monitor 4K,Medellín,4,4.0,29.488813069846223,133.24844412799024,0.0,A tiempo,6.2476,-75.5658
PED-01563,2024-10-11,México,Monitor 4K,Monterrey,6,5.0,50.161247879004726,134.86223865152567,0.0,A tiempo,25.6866,-100.3161
PED-01564,2024-01-31,Chile,Laptop Pro,Valparaíso,8,10.0,51.43306305000004,313.0868221151116,13.47278625250824,Retrasado,-33.0472,-71.6127
PED-01565,2024-10-27,México,Mouse Ergonómico,CDMX,5,5.0,44.840946868676596,55.15463948968311,0.0,A tiempo,19.4326,-99.1332
PED-01566,2024-10-14,Colombia,Mouse Ergonómico,Bogotá,5,4.0,20.74607742357044,155.2055575547406,0.0,A tiempo,4.711,-74.0721
PED-01567,2024-10-14,Perú,Hub USB-C,Lima,6,4.0,32.4456210268929,181.48842558873432,0.0,A tiempo,-12.0464,-77.0428
PED-01568,2024-06-17,México,Hub USB-C,CDMX,5,5.0,43.04850641923127,105.88307309783896,0.0,A tiempo,19.4326,-99.1332
PED-01569,2024-12-09,Chile,Hub USB-C,Concepción,7,7.0,54.73145453267787,120.42141513804945,0.0,A tiempo,-36.8201,-73.0444
PED-01570,2024-03-03,Colombia,Laptop Pro,Bogotá,3,4.0,22.970885619604324,308.06954619184177,10.220735711373331,Retrasado,4.711,-74.0721
PED-01571,2024-07-29,México,Monitor 4K,CDMX,5,8.0,47.621929625740606,121.21476755995197,24.92725749234078,Retrasado,19.4326,-99.1332
PED-01572,2024-06-30,Chile,Mouse Ergonómico,Concepción,8,10.0,54.66431287412317,95.21764973494416,20.848916121544136,Retrasado,-36.8201,-73.0444
PED-01573,2024-12-06,Chile,Teclado Mecánico,Concepción,9,9.0,55.206894964226684,98.61743040624786,0.0,A tiempo,-36.8201,-73.0444
PED-01574,2024-08-04,México,Mouse Ergonómico,Guadalajara,10,10.0,39.204671478339606,136.22870401989462,0.0,A tiempo,20.6597,-103.3496
PED-01575,2024-01-27,Colombia,Monitor 4K,Cali,3,5.0,39.970593564536415,193.82496647585762,23.096627167880072,Retrasado,3.4516,-76.5319
PED-01576,2024-05-27,Chile,Monitor 4K,Concepción,9,13.0,61.27350089355485,43.99715062393045,21.735867766242073,Retrasado,-36.8201,-73.0444
PED-01577,2024-11-03,Perú,Teclado Mecánico,Trujillo,7,8.0,38.70150142781441,95.84750062388133,5.664164044814349,Retrasado,-8.115,-79.029
PED-01578,2024-06-08,Colombia,Laptop Pro,Cali,4,4.0,21.76163130358846,252.78158059071671,0.0,A tiempo,3.4516,-76.5319
PED-01579,2024-06-29,Chile,Mouse Ergonómico,Concepción,8,7.0,61.910906831461915,163.68099594304334,0.0,A tiempo,-36.8201,-73.0444
PED-01580,2024-02-23,México,Hub USB-C,CDMX,5,3.0,48.53146478744699,76.49048122720407,0.0,A tiempo,19.4326,-99.1332
PED-01581,2024-10-22,México,Laptop Pro,Monterrey,6,8.0,27.80222052548149,242.27196824856824,13.430259952960444,Retrasado,25.6866,-100.3161
PED-01582,2024-09-16,Colombia,Hub USB-C,Medellín,5,7.0,16.003184952673138,125.52747995394293,21.296983419991488,Retrasado,6.2476,-75.5658
PED-01583,2024-04-18,Chile,Mouse Ergonómico,Santiago,8,10.0,47.50630374827519,169.77244458972444,24.066819090378647,Retrasado,-33.4489,-70.6693
PED-01584,2024-03-20,Chile,Teclado Mecánico,Santiago,8,8.0,38.36957349715398,126.5439147424305,0.0,A tiempo,-33.4489,-70.6693
PED-01585,2024-12-02,Colombia,Laptop Pro,Bogotá,4,8.0,25.865762293635587,308.1919150912767,46.73037748832698,Retrasado,4.711,-74.0721
PED-01586,2024-09-03,Colombia,Mouse Ergonómico,Bogotá,4,4.0,30.32396213683579,116.36563691103976,0.0,A tiempo,4.711,-74.0721
PED-01587,2024-04-24,Colombia,Hub USB-C,Medellín,4,7.0,44.62254604034729,156.59362651302217,33.403722798937714,Retrasado,6.2476,-75.5658
PED-01588,2024-02-25,Perú,Mouse Ergonómico,Arequipa,7,7.0,47.09546083772211,65.032029199434,0.0,A tiempo,-16.409,-71.5375
PED-01589,2024-06-28,Perú,Monitor 4K,Arequipa,6,6.0,60.72541799572759,95.52611583654748,0.0,A tiempo,-16.409,-71.5375
PED-01590,2024-10-11,Perú,Monitor 4K,Trujillo,7,9.0,64.28760162036771,81.89239405961867,29.901055049584947,Retrasado,-8.115,-79.029
PED-01591,2024-07-07,México,Mouse Ergonómico,Monterrey,7,9.0,64.34309669352076,53.28538770833159,28.756339304651238,Retrasado,25.6866,-100.3161
PED-01592,2024-02-28,Perú,Hub USB-C,Lima,7,8.0,52.847545933855685,86.8649896233279,5.042817578361037,Retrasado,-12.0464,-77.0428
PED-01593,2024-05-22,Perú,Monitor 4K,Arequipa,7,8.0,30.36710852161026,144.30884383929794,13.854387643623058,Retrasado,-16.409,-71.5375
PED-01594,2024-10-20,Perú,Mouse Ergonómico,Trujillo,6,6.0,54.608248654038654,122.66408593570901,0.0,A tiempo,-8.115,-79.029
PED-01595,2024-04-25,Chile,Mouse Ergonómico,Concepción,7,13.0,60.48399887813541,125.77242000432801,87.18279516959069,Retrasado,-36.8201,-73.0444
PED-01596,2024-08-07,Perú,Hub USB-C,Arequipa,6,9.0,49.189328945645826,105.85902446613272,23.454770372990538,Retrasado,-16.409,-71.5375
PED-01597,2024-10-14,Colombia,Monitor 4K,Bogotá,3,5.0,47.44583870075249,120.93295130914355,17.64069660822542,Retrasado,4.711,-74.0721
PED-01598,2024-11-14,Perú,Hub USB-C,Trujillo,9,10.0,58.598335614674575,67.97638630607578,5.916382051757278,Retrasado,-8.115,-79.029
PED-01599,2024-11-10,México,Hub USB-C,Monterrey,5,8.0,55.68273377152784,87.61960456291084,18.368182749867287,Retrasado,25.6866,-100.3161
PED-01600,2024-12-11,México,Hub USB-C,CDMX,5,7.0,60.86380711205838,107.68016947874708,24.53481130458639,Retrasado,19.4326,-99.1332
PED-01601,2024-11-25,Perú,Monitor 4K,Trujillo,6,7.0,53.333698512608784,111.10063435527562,14.443322357482916,Retrasado,-8.115,-79.029
PED-01602,2024-10-12,Colombia,Monitor 4K,Bogotá,3,3.0,5.071895006046464,112.80751419687492,0.0,A tiempo,4.711,-74.0721
PED-01603,2024-01-14,Colombia,Laptop Pro,Bogotá,4,4.0,25.008610485296344,294.4665887193449,0.0,A tiempo,4.711,-74.0721
PED-01604,2024-11-07,Chile,Teclado Mecánico,Santiago,7,1.0,61.97168027247854,84.90306395478682,0.0,A tiempo,-33.4489,-70.6693
PED-01605,2024-12-02,Colombia,Mouse Ergonómico,Cali,3,4.0,21.924086599017038,226.3108513217719,7.628142745529417,Retrasado,3.4516,-76.5319
PED-01606,2024-12-21,Chile,Teclado Mecánico,Santiago,9,9.0,47.76527494763061,136.27149091729595,0.0,A tiempo,-33.4489,-70.6693
PED-01607,2024-05-16,Chile,Hub USB-C,Concepción,9,13.0,39.55163686096929,116.5258990381049,20.074909756766743,Retrasado,-36.8201,-73.0444
PED-01608,2024-01-15,Colombia,Laptop Pro,Bogotá,3,4.0,47.839225952017685,290.6716600717442,8.506492829540186,Retrasado,4.711,-74.0721
PED-01609,2024-04-02,Colombia,Laptop Pro,Medellín,6,5.0,46.814924574180154,281.95124692224493,0.0,A tiempo,6.2476,-75.5658
PED-01610,2024-05-19,Chile,Mouse Ergonómico,Santiago,8,8.0,41.16131104859271,94.76797625092178,0.0,A tiempo,-33.4489,-70.6693
PED-01611,2024-12-25,México,Mouse Ergonómico,CDMX,6,5.0,51.47298000389084,111.71315374346733,0.0,A tiempo,19.4326,-99.1332
PED-01612,2024-06-07,Perú,Teclado Mecánico,Lima,10,12.0,43.19505952235952,24.78257823747674,12.489977965358957,Retrasado,-12.0464,-77.0428
PED-01613,2024-06-22,México,Teclado Mecánico,CDMX,6,7.0,56.149446390313784,37.22441618501265,14.148783806173704,Retrasado,19.4326,-99.1332
PED-01614,2024-06-28,Colombia,Monitor 4K,Medellín,3,6.0,35.09683077242329,74.5247044424417,19.20801640377507,Retrasado,6.2476,-75.5658
PED-01615,2024-01-04,Colombia,Teclado Mecánico,Cali,4,4.0,38.117055716132654,108.28557747114274,0.0,A tiempo,3.4516,-76.5319
PED-01616,2024-04-02,Chile,Teclado Mecánico,Santiago,8,9.0,53.31918447707887,90.42907411392595,10.931059551121646,Retrasado,-33.4489,-70.6693
PED-01617,2024-03-14,Perú,Hub USB-C,Lima,6,4.0,79.35406206388468,159.12484904397937,0.0,A tiempo,-12.0464,-77.0428
PED-01618,2024-10-16,Colombia,Laptop Pro,Bogotá,3,5.0,19.72076234989261,240.70412852016926,11.98112868431976,Retrasado,4.711,-74.0721
PED-01619,2024-12-02,Perú,Teclado Mecánico,Arequipa,6,8.0,32.89396645563485,69.94618121586518,16.375967235011025,Retrasado,-16.409,-71.5375
PED-01620,2024-07-24,México,Monitor 4K,Monterrey,7,9.0,46.069097992985384,160.80366963964406,11.025406649263065,Retrasado,25.6866,-100.3161
PED-01621,2024-05-02,Perú,Teclado Mecánico,Lima,6,7.0,34.320117344397325,105.24477298700587,8.95669914096316,Retrasado,-12.0464,-77.0428
PED-01622,2024-03-13,México,Hub USB-C,CDMX,5,7.0,35.07537729994007,135.39370331204634,13.77197862543184,Retrasado,19.4326,-99.1332
PED-01623,2024-11-20,Colombia,Mouse Ergonómico,Bogotá,3,8.0,19.98685345802033,182.04987773077852,53.08162666421899,Retrasado,4.711,-74.0721
PED-01624,2024-01-16,Colombia,Hub USB-C,Bogotá,3,3.0,20.778110945683725,72.24782328392709,0.0,A tiempo,4.711,-74.0721
PED-01625,2024-02-16,Chile,Monitor 4K,Concepción,8,9.0,40.4538189804994,96.02742648831872,10.321198602047065,Retrasado,-36.8201,-73.0444
PED-01626,2024-09-28,México,Mouse Ergonómico,Guadalajara,5,4.0,55.182189504454115,89.10292396276513,0.0,A tiempo,20.6597,-103.3496
PED-01627,2024-04-20,México,Laptop Pro,Guadalajara,5,,44.93810938914664,221.81627982066897,0.0,A tiempo,20.6597,-103.3496
PED-01628,2024-07-11,Perú,Monitor 4K,Lima,6,7.0,48.2048542512752,87.58412784976124,13.416917680970037,Retrasado,-12.0464,-77.0428
PED-01629,2024-08-02,Chile,Monitor 4K,Valparaíso,8,,58.94232774500935,135.2424874952266,21.5810419519581,Retrasado,-33.0472,-71.6127
PED-01630,2024-08-20,Chile,Teclado Mecánico,Santiago,7,7.0,42.33677475218574,121.62358167248964,0.0,A tiempo,-33.4489,-70.6693
PED-01631,2024-06-23,Chile,Monitor 4K,Valparaíso,7,7.0,47.35454101295278,124.7633267755204,0.0,A tiempo,-33.0472,-71.6127
PED-01632,2024-03-21,México,Laptop Pro,CDMX,6,6.0,53.65759986092915,284.97964077442003,0.0,A tiempo,19.4326,-99.1332
PED-01633,2024-07-08,Colombia,Laptop Pro,Bogotá,3,3.0,10.584321993797786,273.75611055977436,0.0,A tiempo,4.711,-74.0721
PED-01634,2024-06-08,Colombia,Laptop Pro,Medellín,5,6.0,6.150944910494175,350.77022687594484,9.705414860459753,Retrasado,6.2476,-75.5658
PED-01635,2024-06-15,Perú,Monitor 4K,Trujillo,7,5.0,53.461173287977225,80.10731414569321,0.0,A tiempo,-8.115,-79.029
PED-01636,2024-10-17,Perú,Hub USB-C,Lima,8,12.0,54.92014280566899,111.76328155172857,21.8372012891636,Retrasado,-12.0464,-77.0428
PED-01637,2024-11-01,México,Monitor 4K,CDMX,5,5.0,70.64220134852411,106.53338722710154,0.0,A tiempo,19.4326,-99.1332
PED-01638,2024-02-13,Colombia,Teclado Mecánico,Bogotá,4,6.0,31.5809487586681,158.46868065028474,13.742900629244524,Retrasado,4.711,-74.0721
PED-01639,2024-01-27,Chile,Laptop Pro,Concepción,9,7.0,58.19739717258095,338.8564943068944,0.0,A tiempo,-36.8201,-73.0444
PED-01640,2024-03-20,Colombia,Teclado Mecánico,Bogotá,3,5.0,28.045273564140263,48.18965517331517,26.98273272322244,Retrasado,4.711,-74.0721
PED-01641,2024-03-21,Perú,Laptop Pro,Trujillo,7,9.0,52.972272215850865,252.4978733289984,14.712846639993739,Retrasado,-8.115,-79.029
PED-01642,2024-11-12,Colombia,Teclado Mecánico,Bogotá,3,4.0,46.67256841749534,123.15639272276536,14.351620107467781,Retrasado,4.711,-74.0721
PED-01643,2024-01-26,Chile,Mouse Ergonómico,Santiago,7,,28.760071818743643,97.42649410483334,0.0,A tiempo,-33.4489,-70.6693
PED-01644,2024-12-11,Perú,Mouse Ergonómico,Trujillo,7,8.0,54.1361625757168,81.79312864184945,14.589046048452053,Retrasado,-8.115,-79.029
PED-01645,2024-02-11,México,Laptop Pro,Monterrey,6,5.0,71.35586730077367,340.6251153597788,0.0,A tiempo,25.6866,-100.3161
PED-01646,2024-05-19,Colombia,Teclado Mecánico,Bogotá,3,3.0,32.82034219209343,107.49837528355643,0.0,A tiempo,4.711,-74.0721
PED-01647,2024-08-14,Colombia,Monitor 4K,Bogotá,4,7.0,46.50572963232848,102.09829547557776,17.180517330078693,Retrasado,4.711,-74.0721
PED-01648,2024-12-04,México,Hub USB-C,CDMX,5,7.0,43.707878504705576,131.193145630202,21.376374635329896,Retrasado,19.4326,-99.1332
PED-01649,2024-08-05,México,Monitor 4K,Guadalajara,6,7.0,49.67952505836286,84.99564020225742,10.586814439372336,Retrasado,20.6597,-103.3496
PED-01650,2024-09-05,Chile,Monitor 4K,Valparaíso,8,7.0,50.33524702388588,162.74075941890217,0.0,A tiempo,-33.0472,-71.6127
PED-01651,2024-11-06,Colombia,Hub USB-C,Cali,5,7.0,7.824089206412292,68.47809507067967,29.919821018922104,Retrasado,3.4516,-76.5319
PED-01652,2024-08-14,Perú,Hub USB-C,Arequipa,6,7.0,38.318221721498,126.27716265368352,10.081573065601475,Retrasado,-16.409,-71.5375
PED-01653,2024-07-31,Colombia,Teclado Mecánico,Medellín,5,1.0,19.03124920616014,157.3533135463938,0.0,A tiempo,6.2476,-75.5658
PED-01654,2024-05-19,Chile,Hub USB-C,Santiago,9,11.0,58.220660780325275,44.908180429116,13.71803423112534,Retrasado,-33.4489,-70.6693
PED-01655,2024-04-20,Perú,Mouse Ergonómico,Trujillo,6,6.0,58.72153105684055,86.26659296590203,0.0,A tiempo,-8.115,-79.029
PED-01656,2024-09-19,Perú,Hub USB-C,Trujillo,7,11.0,53.24036442706533,145.68829571542233,40.36454769955517,Retrasado,-8.115,-79.029
PED-01657,2024-02-28,Perú,Monitor 4K,Trujillo,6,5.0,58.24102896855706,146.28978190924101,0.0,A tiempo,-8.115,-79.029
PED-01658,2024-06-25,Chile,Laptop Pro,Santiago,9,3.0,48.35850587278226,293.14017598447043,0.0,A tiempo,-33.4489,-70.6693
PED-01659,2024-08-08,Colombia,Mouse Ergonómico,Cali,3,4.0,42.01931669539543,70.61315625292562,10.045769678928007,Retrasado,3.4516,-76.5319
PED-01660,2024-02-26,Perú,Hub USB-C,Trujillo,7,8.0,50.08788442632072,138.2374328932305,14.164683486660564,Retrasado,-8.115,-79.029
PED-01661,2024-05-25,México,Hub USB-C,CDMX,6,3.0,50.578640474267566,147.3419641032642,0.0,A tiempo,19.4326,-99.1332
PED-01662,2024-12-13,Chile,Laptop Pro,Santiago,7,6.0,47.34407366737589,253.4134660595042,0.0,A tiempo,-33.4489,-70.6693
PED-01663,2024-12-13,Perú,Teclado Mecánico,Trujillo,7,14.0,56.844504776364275,51.84345404134479,45.3811214365423,Retrasado,-8.115,-79.029
PED-01664,2024-10-30,Chile,Monitor 4K,Santiago,9,9.0,45.78801183387087,109.01026727934398,0.0,A tiempo,-33.4489,-70.6693
PED-01665,2024-09-06,México,Laptop Pro,Guadalajara,6,8.0,59.76431377198068,325.1744253371557,23.502877088876968,Retrasado,20.6597,-103.3496
PED-01666,2024-09-26,Perú,Teclado Mecánico,Lima,7,7.0,38.67850859283993,88.0372365907978,0.0,A tiempo,-12.0464,-77.0428
PED-01667,2024-12-07,Colombia,Monitor 4K,Cali,5,1.0,19.01083745271806,127.17175279929397,0.0,A tiempo,3.4516,-76.5319
PED-01668,2024-06-06,Chile,Hub USB-C,Santiago,7,7.0,56.87426755126504,71.59453572650472,0.0,A tiempo,-33.4489,-70.6693
PED-01669,2024-01-24,Perú,Teclado Mecánico,Arequipa,6,6.0,49.114557854169874,15.412256037050582,0.0,A tiempo,-16.409,-71.5375
PED-01670,2024-04-22,Perú,Laptop Pro,Lima,6,6.0,45.46108583846872,283.04395710669615,0.0,A tiempo,-12.0464,-77.0428
PED-01671,2024-07-21,Chile,Mouse Ergonómico,Concepción,8,8.0,58.90057732475459,102.52928586052404,0.0,A tiempo,-36.8201,-73.0444
PED-01672,2024-11-02,México,Laptop Pro,CDMX,6,7.0,43.92738585913916,288.96640160414177,11.65077439998428,Retrasado,19.4326,-99.1332
PED-01673,2024-01-29,Chile,Laptop Pro,Concepción,9,9.0,47.9979874569963,253.6558694536206,0.0,A tiempo,-36.8201,-73.0444
PED-01674,2024-01-04,Colombia,Mouse Ergonómico,Bogotá,3,1.0,43.99227950071159,27.374040964847296,0.0,A tiempo,4.711,-74.0721
PED-01675,2024-04-14,México,Teclado Mecánico,CDMX,5,7.0,65.3914234581065,79.43644782528409,18.53804174645674,Retrasado,19.4326,-99.1332
PED-01676,2024-06-03,Colombia,Teclado Mecánico,Cali,4,1.0,45.723982102703275,135.90623086598976,0.0,A tiempo,3.4516,-76.5319
PED-01677,2024-04-18,Colombia,Laptop Pro,Cali,3,0.0,27.178742230660887,350.2478975765473,0.0,A tiempo,3.4516,-76.5319
PED-01678,2024-03-11,Chile,Laptop Pro,Valparaíso,9,11.0,62.3070290498447,347.5085353655382,27.94408261863583,Retrasado,-33.0472,-71.6127
PED-01679,2024-10-05,Perú,Teclado Mecánico,Arequipa,6,8.0,40.51047172231322,67.36361859405788,18.775244413032596,Retrasado,-16.409,-71.5375
PED-01680,2024-05-28,México,Mouse Ergonómico,Guadalajara,7,7.0,40.930971252779386,53.85174705478544,0.0,A tiempo,20.6597,-103.3496
PED-01681,2024-06-16,Colombia,Monitor 4K,Cali,5,3.0,6.49544147375639,119.8653845991958,0.0,A tiempo,3.4516,-76.5319
PED-01682,2024-03-02,Perú,Mouse Ergonómico,Lima,6,6.0,66.7286820189853,125.40400046391701,0.0,A tiempo,-12.0464,-77.0428
PED-01683,2024-01-04,Perú,Hub USB-C,Arequipa,8,8.0,41.36020150923922,116.0067842080199,0.0,A tiempo,-16.409,-71.5375
PED-01684,2024-09-11,Perú,Laptop Pro,Trujillo,6,4.0,48.7346742025294,219.43746903048947,0.0,A tiempo,-8.115,-79.029
PED-01685,2024-08-08,México,Teclado Mecánico,CDMX,5,5.0,40.89675658071716,65.32461660466134,0.0,A tiempo,19.4326,-99.1332
PED-01686,2024-03-30,Perú,Mouse Ergonómico,Lima,10,12.0,56.9516524833014,98.81244838856087,18.646954766762633,Retrasado,-12.0464,-77.0428
PED-01687,2024-03-07,Chile,Hub USB-C,Valparaíso,9,13.0,46.2436633928266,119.4887277852171,53.09782943918453,Retrasado,-33.0472,-71.6127
PED-01688,2024-07-13,Colombia,Hub USB-C,Medellín,4,4.0,16.951831095670506,130.69229450409946,0.0,A tiempo,6.2476,-75.5658
PED-01689,2024-09-29,Perú,Laptop Pro,Arequipa,7,9.0,54.416625641860605,305.7701408912816,23.50647053614332,Retrasado,-16.409,-71.5375
PED-01690,2024-12-26,Colombia,Monitor 4K,Bogotá,3,0.0,15.662699751897716,113.23135226152944,0.0,A tiempo,4.711,-74.0721
PED-01691,2024-04-27,México,Monitor 4K,Guadalajara,5,7.0,41.625942746845084,103.39461833444416,14.738557230223645,Retrasado,20.6597,-103.3496
PED-01692,2024-09-13,Colombia,Hub USB-C,Bogotá,3,2.0,8.93110885373919,127.42477496873931,0.0,A tiempo,4.711,-74.0721
PED-01693,2024-10-13,Perú,Mouse Ergonómico,Arequipa,6,7.0,35.760418878023934,112.51462605963644,14.751019011002004,Retrasado,-16.409,-71.5375
PED-01694,2024-08-12,México,Hub USB-C,CDMX,5,5.0,51.78529169720478,102.62950640189149,0.0,A tiempo,19.4326,-99.1332
PED-01695,2024-06-30,México,Laptop Pro,Monterrey,7,11.0,30.354639618970754,289.2652480345048,29.39716772116573,Retrasado,25.6866,-100.3161
PED-01696,2024-02-06,México,laptop_pro,CDMX,5,4.0,35.18854275378284,303.25165700169924,0.0,A tiempo,19.4326,-99.1332
PED-01697,2024-07-22,México,Monitor 4K,Monterrey,5,7.0,49.97631083867192,119.383655153571,12.965650757918318,Retrasado,25.6866,-100.3161
PED-01698,2024-01-22,México,Hub USB-C,CDMX,6,6.0,44.56393103906947,110.69901555592244,0.0,A tiempo,19.4326,-99.1332
PED-01699,2024-08-11,Colombia,Teclado Mecánico,Cali,6,6.0,49.92036635959309,115.23305673381014,0.0,A tiempo,3.4516,-76.5319
PED-01700,2024-01-10,Perú,Teclado Mecánico,Lima,7,7.0,68.33896546024376,153.70887445404742,0.0,A tiempo,-12.0464,-77.0428
PED-01701,2024-08-23,Colombia,Mouse Ergonómico,Medellín,5,,21.320775372488463,110.6065569098635,0.0,A tiempo,6.2476,-75.5658
PED-01702,2024-02-09,Perú,Mouse Ergonómico,Arequipa,6,6.0,55.57137618403482,74.0400591810737,0.0,A tiempo,-16.409,-71.5375
PED-01703,2024-06-09,México,Monitor 4K,Guadalajara,5,5.0,57.492825568794515,135.34427143976677,0.0,A tiempo,20.6597,-103.3496
PED-01704,2024-10-21,México,Laptop Pro,Monterrey,6,7.0,44.02521141975597,245.35206649324329,9.836804457578666,Retrasado,25.6866,-100.3161
PED-01705,2024-07-08,Chile,Teclado Mecánico,Concepción,8,9.0,35.04458463501796,56.74346477042852,12.288341471223035,Retrasado,-36.8201,-73.0444
PED-01706,2024-10-20,Chile,Teclado Mecánico,Concepción,10,12.0,49.87701550691943,113.43389058880277,18.82720157371243,Retrasado,-36.8201,-73.0444
PED-01707,2024-07-26,Colombia,Teclado Mecánico,Bogotá,3,6.0,28.27154325185889,120.65586671146315,25.15919084059405,Retrasado,4.711,-74.0721
PED-01708,2024-12-29,Colombia,Teclado Mecánico,Bogotá,3,2.0,25.642355030293807,50.1979510598402,0.0,A tiempo,4.711,-74.0721
PED-01709,2024-11-23,Perú,Monitor 4K,Arequipa,7,10.0,54.42316868164485,84.68730076053001,21.344109601492395,Retrasado,-16.409,-71.5375
PED-01710,2024-08-01,Perú,Hub USB-C,Arequipa,7,6.0,42.492703929944014,75.75664671121365,0.0,A tiempo,-16.409,-71.5375
PED-01711,2024-05-28,Chile,Teclado Mecánico,Santiago,7,,38.480024524208574,80.53294708473612,11.896608776882028,Retrasado,-33.4489,-70.6693
PED-01712,2024-02-28,Chile,Laptop Pro,Valparaíso,7,9.0,51.090829703498315,337.74391105091786,16.93714021857779,Retrasado,-33.0472,-71.6127
PED-01713,2024-07-26,Perú,Teclado Mecánico,Arequipa,7,4.0,53.859700925688756,128.2602185418901,0.0,A tiempo,-16.409,-71.5375
PED-01714,2024-01-11,Colombia,Mouse Ergonómico,Medellín,4,5.0,18.23355056099947,99.2351128058517,6.864138471663268,Retrasado,6.2476,-75.5658
PED-01715,2024-06-15,Perú,Laptop Pro,Trujillo,7,7.0,59.28090610991081,278.1615229154029,0.0,A tiempo,-8.115,-79.029
PED-01716,2024-03-28,Colombia,Hub USB-C,Cali,5,5.0,12.29518862223922,46.01401319119438,0.0,A tiempo,3.4516,-76.5319
PED-01717,2024-11-12,Perú,Teclado Mecánico,Arequipa,10,14.0,44.21886541284357,156.80739755127794,46.729480679093754,Retrasado,-16.409,-71.5375
PED-01718,2024-08-23,México,Monitor 4K,Guadalajara,6,6.0,47.41991463802391,123.68455601139674,0.0,A tiempo,20.6597,-103.3496
PED-01719,2024-12-19,México,Monitor 4K,Monterrey,5,4.0,43.6377628734807,71.73323583707437,0.0,A tiempo,25.6866,-100.3161
PED-01720,2024-07-04,Colombia,Teclado Mecánico,Bogotá,4,5.0,24.349395264488074,128.78397990499565,14.586977413653985,Retrasado,4.711,-74.0721
PED-01721,2024-02-15,Colombia,Mouse Ergonómico,Cali,7,9.0,48.71074482308114,97.19105517701497,10.428797332462265,Retrasado,3.4516,-76.5319
PED-01722,2024-08-11,Colombia,Monitor 4K,Medellín,3,3.0,21.49115910961101,88.51561980550629,0.0,A tiempo,6.2476,-75.5658
PED-01723,2024-02-24,Chile,Laptop Pro,Valparaíso,8,11.0,74.41221722471914,317.4084611315841,43.76359931821224,Retrasado,-33.0472,-71.6127
PED-01724,2024-05-04,Chile,Mouse Ergonómico,Valparaíso,7,9.0,54.371267797310516,70.34007000349101,27.245434587058785,Retrasado,-33.0472,-71.6127
PED-01725,2024-11-08,Perú,Hub USB-C,Lima,6,2.0,50.92055137311992,86.2497392195956,0.0,A tiempo,-12.0464,-77.0428
PED-01726,2024-10-28,Chile,Hub USB-C,Santiago,9,9.0,54.76240353387666,104.85844256798184,0.0,A tiempo,-33.4489,-70.6693
PED-01727,2024-07-24,Perú,Monitor 4K,Arequipa,7,7.0,75.29927749251952,80.02195228459146,0.0,A tiempo,-16.409,-71.5375
PED-01728,2024-09-25,Perú,Mouse Ergonómico,Trujillo,6,8.0,40.06406996068552,126.76340841070096,22.026167276294082,Retrasado,-8.115,-79.029
PED-01729,2024-02-10,Perú,Monitor 4K,Arequipa,8,3.0,38.79582081063611,174.76266014713042,0.0,A tiempo,-16.409,-71.5375
PED-01730,2024-07-21,Colombia,Hub USB-C,Bogotá,3,10.0,22.451338034280788,69.82807469571429,57.195163855414066,Retrasado,4.711,-74.0721
PED-01731,2024-06-07,México,Monitor 4K,CDMX,7,9.0,50.32143146964561,33.39498814783822,20.79013147968591,Retrasado,19.4326,-99.1332
PED-01732,2024-06-22,Chile,Mouse Ergonómico,Concepción,9,10.0,32.74228875187427,19.930393300949532,11.90920570071195,Retrasado,-36.8201,-73.0444
PED-01733,2024-04-23,Perú,Teclado Mecánico,Arequipa,9,12.0,50.22339239318608,93.98127434020071,27.64019449833145,Retrasado,-16.409,-71.5375
PED-01734,2024-06-19,México,Hub USB-C,Guadalajara,6,12.0,66.93547133413672,73.4734163949527,81.24093182732756,Retrasado,20.6597,-103.3496
PED-01735,2024-03-27,Perú,Teclado Mecánico,Lima,6,9.0,51.51407390624777,108.31442004268322,38.14649805863452,Retrasado,-12.0464,-77.0428
PED-01736,2024-02-09,Colombia,Mouse Ergonómico,Medellín,6,9.0,27.073145410247232,105.30390688104404,16.93996631551712,Retrasado,6.2476,-75.5658
PED-01737,2024-09-18,Perú,Hub USB-C,Arequipa,7,8.0,43.81839551316372,35.87132613543615,11.21125299090829,Retrasado,-16.409,-71.5375
PED-01738,2024-11-20,Chile,Monitor 4K,Concepción,11,11.0,58.98511704551564,27.404646820743764,0.0,A tiempo,-36.8201,-73.0444
PED-01739,2024-02-28,México,Monitor 4K,Guadalajara,6,6.0,41.74167226761952,111.8373296138438,0.0,A tiempo,20.6597,-103.3496
PED-01740,2024-09-28,Colombia,Monitor 4K,Cali,4,3.0,48.46395920599248,105.41715338879828,0.0,A tiempo,3.4516,-76.5319
PED-01741,2024-09-18,Perú,Hub USB-C,Lima,7,7.0,69.33359747714357,82.96728006533795,0.0,A tiempo,-12.0464,-77.0428
PED-01742,2024-04-09,Chile,Hub USB-C,Santiago,8,6.0,52.567507986617876,33.71425659470782,0.0,A tiempo,-33.4489,-70.6693
PED-01743,2024-06-27,Chile,Monitor 4K,Santiago,8,8.0,49.88484911923355,118.85565051059963,0.0,A tiempo,-33.4489,-70.6693
PED-01744,2024-06-28,Colombia,Monitor 4K,Medellín,5,2.0,40.30659808241559,150.87598181695773,0.0,A tiempo,6.2476,-75.5658
PED-01745,2024-11-26,Chile,Teclado Mecánico,Valparaíso,7,8.0,60.94798502227325,111.1192976087569,10.3251486975652,Retrasado,-33.0472,-71.6127
PED-01746,2024-03-16,Chile,Hub USB-C,Concepción,9,9.0,41.94008268940584,66.10104437739741,0.0,A tiempo,-36.8201,-73.0444
PED-01747,2024-04-30,Chile,Monitor 4K,Concepción,8,9.0,44.73444866863298,101.78208662284605,10.492750081282486,Retrasado,-36.8201,-73.0444
PED-01748,2024-02-22,Chile,Mouse Ergonómico,Santiago,9,9.0,36.77652565316704,45.3554367626526,0.0,A tiempo,-33.4489,-70.6693
PED-01749,2024-03-15,Perú,Monitor 4K,Trujillo,6,14.0,54.09064938334057,142.3184285535517,65.90797045966758,Retrasado,-8.115,-79.029
PED-01750,2024-05-11,Colombia,Hub USB-C,Bogotá,5,9.0,36.66627883456891,103.27377338118156,28.79737255322325,Retrasado,4.711,-74.0721
PED-01751,2024-04-11,México,Monitor 4K,CDMX,8,6.0,36.50074362138727,29.273723529870722,0.0,A tiempo,19.4326,-99.1332
PED-01752,2024-03-29,México,Teclado Mecánico,Monterrey,6,7.0,45.44801095183841,87.97302558225269,12.27242319569979,Retrasado,25.6866,-100.3161
PED-01753,2024-11-04,Chile,Laptop Pro,Santiago,7,7.0,36.527460824186505,318.53206040936925,0.0,A tiempo,-33.4489,-70.6693
PED-01754,2024-03-19,Perú,Hub USB-C,Arequipa,7,6.0,41.012001897561625,86.6780951609791,0.0,A tiempo,-16.409,-71.5375
PED-01755,2024-12-01,Chile,Hub USB-C,Santiago,9,7.0,55.510170602262995,88.96417114239304,0.0,A tiempo,-33.4489,-70.6693
PED-01756,2024-02-08,Chile,Laptop Pro,Concepción,7,9.0,42.6651793332172,251.02391171810913,14.268957626520846,Retrasado,-36.8201,-73.0444
PED-01757,2024-03-31,Perú,Monitor 4K,Arequipa,6,6.0,46.99174043967702,122.66163948326624,0.0,A tiempo,-16.409,-71.5375
PED-01758,2024-11-17,Colombia,Teclado Mecánico,Bogotá,3,6.0,13.726882720526845,74.06123199923451,40.060870625366775,Retrasado,4.711,-74.0721
PED-01759,2024-09-09,México,Monitor 4K,CDMX,6,9.0,51.869902097246644,13.742184919798689,33.47377656304157,Retrasado,19.4326,-99.1332
PED-01760,2024-08-25,Perú,Laptop Pro,Arequipa,9,13.0,49.55726680155351,285.14970517318426,45.35153678180009,Retrasado,-16.409,-71.5375
PED-01761,2024-10-15,México,Teclado Mecánico,Guadalajara,5,4.0,42.71040749966838,139.24598862281414,0.0,A tiempo,20.6597,-103.3496
PED-01762,2024-10-23,Perú,Mouse Ergonómico,Arequipa,8,10.0,48.10985702317526,84.5228221360021,28.545312652628184,Retrasado,-16.409,-71.5375
PED-01763,2024-08-17,Perú,Mouse Ergonómico,Arequipa,7,,51.80294880503445,169.51939940494083,28.638053688412064,Retrasado,-16.409,-71.5375
PED-01764,2024-12-14,Chile,Teclado Mecánico,Concepción,9,9.0,41.85131851090656,117.15871794194068,0.0,A tiempo,-36.8201,-73.0444
PED-01765,2024-10-16,Colombia,Mouse Ergonómico,Cali,6,6.0,15.237374559982207,113.55032649121465,0.0,A tiempo,3.4516,-76.5319
PED-01766,2024-11-25,México,Teclado Mecánico,Guadalajara,6,11.0,68.05574432686815,94.86406936329564,47.979350293972196,Retrasado,20.6597,-103.3496
PED-01767,2024-11-21,Colombia,Monitor 4K,Medellín,3,4.0,23.667272952897275,97.26855168942838,6.865579121956157,Retrasado,6.2476,-75.5658
PED-01768,2024-11-15,Chile,Monitor 4K,Concepción,7,9.0,49.032398968131105,89.46305459521984,22.726886306361784,Retrasado,-36.8201,-73.0444
PED-01769,2024-06-14,Perú,Laptop Pro,Arequipa,10,9.0,60.108397350203134,287.90922431669895,0.0,A tiempo,-16.409,-71.5375
PED-01770,2024-11-17,México,Monitor 4K,Monterrey,6,4.0,85.29055187570484,121.23468648268596,0.0,A tiempo,25.6866,-100.3161
PED-01771,2024-10-06,Colombia,monitor_4k,Medellín,3,3.0,17.555135501111344,62.56675080837738,0.0,A tiempo,6.2476,-75.5658
PED-01772,2024-03-18,México,Laptop Pro,Guadalajara,5,5.0,54.4982721372651,256.9642468510296,0.0,A tiempo,20.6597,-103.3496
PED-01773,2024-08-13,México,Hub USB-C,Guadalajara,6,5.0,42.92447714705894,55.072197964984895,0.0,A tiempo,20.6597,-103.3496
PED-01774,2024-02-04,México,Hub USB-C,Monterrey,5,5.0,44.61209695423289,181.82618190708615,0.0,A tiempo,25.6866,-100.3161
PED-01775,2024-08-28,Colombia,Teclado Mecánico,Medellín,3,0.0,22.7978797899321,121.2137160668232,0.0,A tiempo,6.2476,-75.5658
PED-01776,2024-08-14,México,Hub USB-C,Guadalajara,5,,38.743450321994146,112.17968806720579,0.0,A tiempo,20.6597,-103.3496
PED-01777,2024-11-19,Colombia,Hub USB-C,Medellín,6,8.0,29.587086382153387,57.69941318826274,21.428227860884686,Retrasado,6.2476,-75.5658
PED-01778,2024-06-04,Perú,Hub USB-C,Lima,6,,35.254973129517644,124.93369202699314,18.94759645276135,Retrasado,-12.0464,-77.0428
PED-01779,2024-05-20,Colombia,Monitor 4K,Medellín,4,4.0,39.468075665118704,95.33714614186685,0.0,A tiempo,6.2476,-75.5658
PED-01780,2024-10-29,Chile,Hub USB-C,Santiago,7,6.0,50.550029360333745,108.56675764526999,0.0,A tiempo,-33.4489,-70.6693
PED-01781,2024-01-29,México,monitor_4k,CDMX,5,4.0,54.2243497290144,60.93518736545776,0.0,A tiempo,19.4326,-99.1332
PED-01782,2024-06-29,Chile,Monitor 4K,Valparaíso,7,7.0,45.33811388053777,106.41075429670306,0.0,A tiempo,-33.0472,-71.6127
PED-01783,2024-09-16,Chile,Laptop Pro,Valparaíso,7,9.0,46.327960657882514,283.04665847174067,16.523701225558185,Retrasado,-33.0472,-71.6127
PED-01784,2024-02-07,Perú,Teclado Mecánico,Arequipa,6,9.0,52.87563905167328,69.37555371879249,43.82752294674184,Retrasado,-16.409,-71.5375
PED-01785,2024-06-07,Perú,Laptop Pro,Lima,7,7.0,38.35949367594175,329.36425343228996,0.0,A tiempo,-12.0464,-77.0428
PED-01786,2024-08-24,Colombia,Mouse Ergonómico,Cali,3,2.0,26.420095655866643,38.491687658799904,0.0,A tiempo,3.4516,-76.5319
PED-01787,2024-08-19,Colombia,Monitor 4K,Bogotá,4,5.0,21.40386486121546,122.59105057256602,10.098925757308717,Retrasado,4.711,-74.0721
PED-01788,2024-01-20,México,Hub USB-C,CDMX,5,4.0,41.094311894089856,127.37944534211985,0.0,A tiempo,19.4326,-99.1332
PED-01789,2024-01-30,Chile,Hub USB-C,Santiago,8,8.0,28.901617593743584,64.81425297795037,0.0,A tiempo,-33.4489,-70.6693
PED-01790,2024-07-07,Perú,Mouse Ergonómico,Trujillo,6,10.0,63.393265894799995,67.1868615547013,49.75461123552684,Retrasado,-8.115,-79.029
PED-01791,2024-05-26,Perú,Teclado Mecánico,Lima,7,,43.13461246846231,91.0789727493439,40.69122294644407,Retrasado,-12.0464,-77.0428
PED-01792,2024-02-09,México,Monitor 4K,CDMX,7,8.0,61.633760551635504,111.28144841848882,8.10016355821849,Retrasado,19.4326,-99.1332
PED-01793,2024-11-26,Perú,Mouse Ergonómico,Arequipa,7,5.0,60.68792321394292,93.88580032743099,0.0,A tiempo,-16.409,-71.5375
PED-01794,2024-02-16,Chile,Mouse Ergonómico,Concepción,7,,37.14000293483507,117.34249840767518,8.565562236883562,Retrasado,-36.8201,-73.0444
PED-01795,2024-11-10,Chile,Mouse Ergonómico,Santiago,8,11.0,39.11588764327154,170.51918610149596,39.98567425853763,Retrasado,-33.4489,-70.6693
PED-01796,2024-10-31,México,Monitor 4K,CDMX,6,6.0,75.60502959355684,79.69132923401145,0.0,A tiempo,19.4326,-99.1332
PED-01797,2024-09-16,Chile,Monitor 4K,Valparaíso,8,12.0,67.50925941927143,31.392801171863184,32.336843553147204,Retrasado,-33.0472,-71.6127
PED-01798,2024-07-15,Colombia,Monitor 4K,Cali,4,8.0,29.68481486671896,133.03694332122612,47.17634230380519,Retrasado,3.4516,-76.5319
PED-01799,2024-08-24,Chile,Monitor 4K,Concepción,8,13.0,52.573731064173494,167.3325830371012,53.27217497826713,Retrasado,-36.8201,-73.0444
PED-01800,2024-10-24,Colombia,Laptop Pro,Medellín,5,6.0,23.691535970528115,315.71073452204496,9.362893592936942,Retrasado,6.2476,-75.5658
PED-01801,2024-10-10,Perú,Mouse Ergonómico,Lima,8,10.0,54.3235271420034,56.49005298585328,20.798964544427687,Retrasado,-12.0464,-77.0428
PED-01802,2024-01-22,Colombia,Laptop Pro,Medellín,7,11.0,22.828180992775287,295.04430547059195,27.90338343313273,Retrasado,6.2476,-75.5658
PED-01803,2024-08-18,México,Teclado Mecánico,Guadalajara,5,7.0,29.676462357016153,55.25906063153471,18.614332432160207,Retrasado,20.6597,-103.3496
PED-01804,2024-10-19,México,Mouse Ergonómico,Guadalajara,6,6.0,36.78444213488949,125.71421975851791,0.0,A tiempo,20.6597,-103.3496
PED-01805,2024-11-29,México,Monitor 4K,CDMX,6,6.0,50.21092747850587,45.94838389206262,0.0,A tiempo,19.4326,-99.1332
PED-01806,2024-04-06,México,Monitor 4K,CDMX,6,7.0,38.68932764497412,87.994848526872,7.608351628039763,Retrasado,19.4326,-99.1332
PED-01807,2024-06-13,México,Monitor 4K,Guadalajara,6,4.0,49.32722535086465,59.82648694824374,0.0,A tiempo,20.6597,-103.3496
PED-01808,2024-11-05,Chile,Laptop Pro,Concepción,7,7.0,39.25338960567137,305.07298740539846,0.0,A tiempo,-36.8201,-73.0444
PED-01809,2024-08-31,Perú,Monitor 4K,Arequipa,7,10.0,42.176460774980065,85.3463329144897,15.610224932028029,Retrasado,-16.409,-71.5375
PED-01810,2024-09-13,Colombia,Mouse Ergonómico,Medellín,3,0.0,38.531653064131916,107.07048413001056,0.0,A tiempo,6.2476,-75.5658
PED-01811,2024-03-18,Colombia,Hub USB-C,Bogotá,3,7.0,32.474805476401045,100.89402219865462,21.422075101962204,Retrasado,4.711,-74.0721
PED-01812,2024-02-01,Perú,Mouse Ergonómico,Arequipa,7,10.0,49.90335578686653,60.53363889103559,44.92143380441439,Retrasado,-16.409,-71.5375
PED-01813,2024-08-18,México,Teclado Mecánico,Guadalajara,6,6.0,58.78963973070651,125.07508254116087,0.0,A tiempo,20.6597,-103.3496
PED-01814,2024-02-22,México,Mouse Ergonómico,Monterrey,6,8.0,54.806085933473476,98.0493739262754,15.946874950800913,Retrasado,25.6866,-100.3161
PED-01815,2024-06-24,Colombia,Monitor 4K,Medellín,3,4.0,44.465632912513676,60.458839685363984,7.574112301967054,Retrasado,6.2476,-75.5658
PED-01816,2024-12-31,México,Mouse Ergonómico,Guadalajara,6,10.0,45.401407376848596,189.6370622482317,35.25764328422436,Retrasado,20.6597,-103.3496
PED-01817,2024-02-13,Chile,Mouse Ergonómico,Valparaíso,8,11.0,45.70365021472492,119.05720666868498,25.685008959433294,Retrasado,-33.0472,-71.6127
PED-01818,2024-09-15,Chile,Laptop Pro,Concepción,8,6.0,36.98890733608655,293.8695778640278,0.0,A tiempo,-36.8201,-73.0444
PED-01819,2024-11-26,Chile,Hub USB-C,Valparaíso,7,9.0,45.7101928262758,156.60818106807295,16.36553092238961,Retrasado,-33.0472,-71.6127
PED-01820,2024-03-29,Perú,Mouse Ergonómico,Trujillo,6,6.0,59.64769894302446,173.6726243754643,0.0,A tiempo,-8.115,-79.029
PED-01821,2024-01-21,Perú,Teclado Mecánico,Trujillo,6,7.0,62.99987372262134,94.1860231074446,6.642636637206239,Retrasado,-8.115,-79.029
PED-01822,2024-05-06,Chile,Mouse Ergonómico,Santiago,8,8.0,59.60305168086668,113.89589945739048,0.0,A tiempo,-33.4489,-70.6693
PED-01823,2024-12-28,Perú,Hub USB-C,Lima,9,14.0,32.05808133450564,60.47988727988236,65.62012420156576,Retrasado,-12.0464,-77.0428
PED-01824,2024-08-12,Chile,Hub USB-C,Valparaíso,8,11.0,60.831452126607346,94.11228996927954,29.294496235658112,Retrasado,-33.0472,-71.6127
PED-01825,2024-08-12,México,Hub USB-C,CDMX,5,5.0,31.614813767279294,92.0374978496052,0.0,A tiempo,19.4326,-99.1332
PED-01826,2024-09-25,Perú,Hub USB-C,Arequipa,6,4.0,58.98117324122347,107.39308134486616,0.0,A tiempo,-16.409,-71.5375
PED-01827,2024-09-24,Chile,Hub USB-C,Valparaíso,10,,46.32215473428945,113.31041914548041,0.0,A tiempo,-33.0472,-71.6127
PED-01828,2024-11-08,Perú,Laptop Pro,Arequipa,7,9.0,57.02533313933856,322.3931379531224,22.38415850059646,Retrasado,-16.409,-71.5375
PED-01829,2024-03-22,Colombia,Hub USB-C,Medellín,3,4.0,16.67551652105434,109.50570625199836,9.579094069647153,Retrasado,6.2476,-75.5658
PED-01830,2024-07-05,Colombia,Laptop Pro,Medellín,4,8.0,41.71167632706147,251.5702949348334,42.68658185183483,Retrasado,6.2476,-75.5658
PED-01831,2024-07-09,Chile,Mouse Ergonómico,Valparaíso,7,9.0,35.35025253895111,62.461315770356606,27.98678818036806,Retrasado,-33.0472,-71.6127
PED-01832,2024-05-24,Chile,Mouse Ergonómico,Santiago,7,10.0,43.315450891468224,78.14369522145307,44.097767206978304,Retrasado,-33.4489,-70.6693
PED-01833,2024-07-17,Chile,Laptop Pro,Santiago,10,11.0,40.01905372230965,288.7103763230708,11.34453139755603,Retrasado,-33.4489,-70.6693
PED-01834,2024-07-28,Colombia,Monitor 4K,Bogotá,3,1.0,12.45715147177501,142.03097161888454,0.0,A tiempo,4.711,-74.0721
PED-01835,2024-06-22,Perú,Hub USB-C,Trujillo,7,7.0,50.94527567588468,53.48244052588348,0.0,A tiempo,-8.115,-79.029
PED-01836,2024-12-13,Colombia,hub_usb-c,Cali,3,6.0,48.060891178369616,85.703398073172,19.82146754674517,Retrasado,3.4516,-76.5319
PED-01837,2024-02-11,Chile,Mouse Ergonómico,Valparaíso,9,9.0,76.66905222320008,138.120379928562,0.0,A tiempo,-33.0472,-71.6127
PED-01838,2024-01-27,Chile,Laptop Pro,Concepción,7,9.0,50.971557870862476,288.0049010201355,18.62730912776004,Retrasado,-36.8201,-73.0444
PED-01839,2024-11-19,Chile,Hub USB-C,Santiago,7,7.0,61.16681275067522,118.41662599371296,0.0,A tiempo,-33.4489,-70.6693
PED-01840,2024-11-27,Chile,Mouse Ergonómico,Valparaíso,7,6.0,52.320946379285374,94.41831828288386,0.0,A tiempo,-33.0472,-71.6127
PED-01841,2024-06-20,Chile,Hub USB-C,Valparaíso,9,9.0,54.98883194768213,110.27133029298892,0.0,A tiempo,-33.0472,-71.6127
PED-01842,2024-02-03,Chile,Laptop Pro,Santiago,8,9.0,46.57851348872761,290.8610982476184,6.8516504541620264,Retrasado,-33.4489,-70.6693
PED-01843,2024-06-17,México,Monitor 4K,Monterrey,6,6.0,51.950769254226024,126.68261890913416,0.0,A tiempo,25.6866,-100.3161
PED-01844,2024-02-18,México,Teclado Mecánico,Guadalajara,8,8.0,55.374787046064284,38.19774370374259,0.0,A tiempo,20.6597,-103.3496
PED-01845,2024-10-12,México,Mouse Ergonómico,Monterrey,6,5.0,44.215402711236685,85.4675196644582,0.0,A tiempo,25.6866,-100.3161
PED-01846,2024-12-13,Colombia,Mouse Ergonómico,Medellín,3,6.0,29.22505700107012,111.86290706777233,24.91073066097183,Retrasado,6.2476,-75.5658
PED-01847,2024-07-16,Perú,Teclado Mecánico,Lima,6,6.0,49.41569881002512,121.34780992024773,0.0,A tiempo,-12.0464,-77.0428
PED-01848,2024-05-25,Chile,Teclado Mecánico,Concepción,7,11.0,58.26403317330525,159.7181049101531,55.55966554225329,Retrasado,-36.8201,-73.0444
PED-01849,2024-05-09,México,Mouse Ergonómico,Guadalajara,6,10.0,39.339678283723195,84.35901332537695,22.198138154745063,Retrasado,20.6597,-103.3496
PED-01850,2024-12-02,Colombia,Monitor 4K,Medellín,5,5.0,29.484577913923484,159.17927047443493,0.0,A tiempo,6.2476,-75.5658
PED-01851,2024-11-04,Perú,Mouse Ergonómico,Trujillo,6,5.0,69.12005469052697,73.63904693361317,0.0,A tiempo,-8.115,-79.029
PED-01852,2024-03-17,Chile,Teclado Mecánico,Concepción,7,3.0,61.640601525859374,153.14585646178574,0.0,A tiempo,-36.8201,-73.0444
PED-01853,2024-06-19,Chile,Hub USB-C,Concepción,8,6.0,63.49179048888705,132.6986850679349,0.0,A tiempo,-36.8201,-73.0444
PED-01854,2024-02-11,Perú,Laptop Pro,Trujillo,7,5.0,50.24431840178034,263.4616568147111,0.0,A tiempo,-8.115,-79.029
PED-01855,2024-10-25,Perú,Hub USB-C,Trujillo,6,10.0,53.20997563686023,112.28156949007287,59.52271767844599,Retrasado,-8.115,-79.029
PED-01856,2024-12-05,Perú,Monitor 4K,Arequipa,7,8.0,60.02236166702925,97.95056657871234,11.588347003588382,Retrasado,-16.409,-71.5375
PED-01857,2024-03-13,Colombia,Mouse Ergonómico,Medellín,3,4.0,45.60255529530931,125.02338374700003,8.654061309015567,Retrasado,6.2476,-75.5658
PED-01858,2024-06-28,México,Mouse Ergonómico,Guadalajara,6,2.0,30.483970871171135,91.06913646266761,0.0,A tiempo,20.6597,-103.3496
PED-01859,2024-06-07,Chile,Laptop Pro,Santiago,8,7.0,36.84558692950154,287.71015097353074,0.0,A tiempo,-33.4489,-70.6693
PED-01860,2024-12-01,México,Hub USB-C,Guadalajara,5,8.0,63.09444101402648,154.76378331051404,25.34621351079629,Retrasado,20.6597,-103.3496
PED-01861,2024-12-23,Perú,Laptop Pro,Lima,7,8.0,47.23110644231196,296.0511642217731,11.49044467268214,Retrasado,-12.0464,-77.0428
PED-01862,2024-12-05,Chile,Monitor 4K,Valparaíso,8,8.0,43.282792107419226,133.05689296767065,0.0,A tiempo,-33.0472,-71.6127
PED-01863,2024-07-19,Chile,Hub USB-C,Valparaíso,7,9.0,37.45839013004396,90.985940598232,13.682600461623696,Retrasado,-33.0472,-71.6127
PED-01864,2024-03-07,México,Hub USB-C,Monterrey,6,11.0,44.44983298455891,166.66653036910094,67.01807526926594,Retrasado,25.6866,-100.3161
PED-01865,2024-10-31,México,Monitor 4K,Guadalajara,7,7.0,35.97630716576175,72.86661482658026,0.0,A tiempo,20.6597,-103.3496
PED-01866,2024-12-28,Chile,Mouse Ergonómico,Valparaíso,8,9.0,70.91094272732477,75.4342587501126,7.149922235883912,Retrasado,-33.0472,-71.6127
PED-01867,2024-02-13,Colombia,Mouse Ergonómico,Cali,3,4.0,29.775639480194265,160.98068724463613,5.37175288049646,Retrasado,3.4516,-76.5319
PED-01868,2024-06-07,Perú,Teclado Mecánico,Trujillo,8,14.0,49.420494582372825,82.20214436418989,38.44871172557997,Retrasado,-8.115,-79.029
PED-01869,2024-10-13,México,Mouse Ergonómico,Monterrey,5,1.0,55.880766751678316,164.0429722465757,0.0,A tiempo,25.6866,-100.3161
PED-01870,2024-07-11,Chile,Laptop Pro,Valparaíso,7,9.0,59.6234516926657,335.67362318379253,19.188774932367572,Retrasado,-33.0472,-71.6127
PED-01871,2024-11-25,México,Monitor 4K,Monterrey,5,5.0,59.45888156554639,93.81401173756666,0.0,A tiempo,25.6866,-100.3161
PED-01872,2024-06-17,Chile,Mouse Ergonómico,Santiago,10,12.0,60.73621943907572,27.468261119313667,29.194536760779226,Retrasado,-33.4489,-70.6693
PED-01873,2024-03-06,Colombia,Hub USB-C,Bogotá,5,5.0,23.691544492091438,99.22726782912657,0.0,A tiempo,4.711,-74.0721
PED-01874,2024-12-09,México,Monitor 4K,Guadalajara,9,9.0,47.02133195043139,104.06520214133698,0.0,A tiempo,20.6597,-103.3496
PED-01875,2024-12-25,Chile,Mouse Ergonómico,Santiago,7,9.0,57.69031655442276,146.6887093321749,28.66945583895116,Retrasado,-33.4489,-70.6693
PED-01876,2024-12-16,México,Laptop Pro,CDMX,6,14.0,44.7261093836038,363.5378870496045,57.61035366686113,Retrasado,19.4326,-99.1332
PED-01877,2024-09-26,Chile,Teclado Mecánico,Valparaíso,9,12.0,49.94893367972775,72.6005128342501,40.09107879030259,Retrasado,-33.0472,-71.6127
PED-01878,2024-02-17,Perú,Teclado Mecánico,Arequipa,7,6.0,53.987637644248146,132.0472705595273,0.0,A tiempo,-16.409,-71.5375
PED-01879,2024-11-26,Chile,Monitor 4K,Concepción,7,7.0,57.85185082310376,130.61608624053397,0.0,A tiempo,-36.8201,-73.0444
PED-01880,2024-12-09,Chile,Laptop Pro,Concepción,7,,32.22319037629799,342.9365080964178,0.0,A tiempo,-36.8201,-73.0444
PED-01881,2024-08-04,Chile,laptop_pro,Santiago,8,5.0,57.147456498889454,319.9475964854218,0.0,A tiempo,-33.4489,-70.6693
PED-01882,2024-09-17,Chile,Laptop Pro,Concepción,7,,47.66275942148275,222.3000923615292,0.0,A tiempo,-36.8201,-73.0444
PED-01883,2024-07-04,Perú,Mouse Ergonómico,Arequipa,8,10.0,57.07457710864381,93.7831026988896,15.249126059697806,Retrasado,-16.409,-71.5375
PED-01884,2024-01-10,Colombia,Teclado Mecánico,Medellín,4,2.0,37.76931692354829,53.77169700332339,0.0,A tiempo,6.2476,-75.5658
PED-01885,2024-07-04,Perú,Laptop Pro,Lima,6,9.0,66.07915061119158,291.89576908327706,18.237171516689287,Retrasado,-12.0464,-77.0428
PED-01886,2024-06-07,Colombia,Hub USB-C,Medellín,3,5.0,43.53453647621203,139.20016944535575,28.701532319609374,Retrasado,6.2476,-75.5658
PED-01887,2024-04-02,Colombia,Mouse Ergonómico,Medellín,3,3.0,43.46571662610296,112.2060334349989,0.0,A tiempo,6.2476,-75.5658
PED-01888,2024-04-19,Perú,Hub USB-C,Arequipa,7,7.0,64.43670319166239,145.9236346558973,0.0,A tiempo,-16.409,-71.5375
PED-01889,2024-06-23,México,Hub USB-C,Monterrey,7,11.0,52.91378984815946,113.67015682854158,35.6533134586477,Retrasado,25.6866,-100.3161
PED-01890,2024-09-05,Colombia,Monitor 4K,Medellín,3,5.0,30.321850870368397,48.06696241324389,29.198562411670032,Retrasado,6.2476,-75.5658
PED-01891,2024-04-08,Perú,Mouse Ergonómico,Lima,7,8.0,58.728170831783345,-0.8338802629093891,8.350491709384825,Retrasado,-12.0464,-77.0428
PED-01892,2024-04-25,Chile,Hub USB-C,Concepción,9,9.0,57.32080951433022,105.9523504671836,0.0,A tiempo,-36.8201,-73.0444
PED-01893,2024-03-11,Perú,Mouse Ergonómico,Lima,9,10.0,46.9093376326174,91.44294134595339,13.5541615463118,Retrasado,-12.0464,-77.0428
PED-01894,2024-03-20,Colombia,Laptop Pro,Bogotá,3,3.0,34.04823408808268,260.9221704247247,0.0,A tiempo,4.711,-74.0721
PED-01895,2024-02-09,México,Monitor 4K,CDMX,5,1.0,49.64903533215406,31.97491001394488,0.0,A tiempo,19.4326,-99.1332
PED-01896,2024-05-31,México,Teclado Mecánico,Guadalajara,6,12.0,41.46067091539944,70.61027146109163,74.86474925595768,Retrasado,20.6597,-103.3496
PED-01897,2024-02-21,México,Hub USB-C,Monterrey,6,7.0,62.9046074137635,92.22034060540896,14.12895980306234,Retrasado,25.6866,-100.3161
PED-01898,2024-09-16,Chile,Monitor 4K,Concepción,9,10.0,50.551992425300895,126.63511294825561,12.549317330722383,Retrasado,-36.8201,-73.0444
PED-01899,2024-10-03,Perú,Monitor 4K,Lima,7,7.0,70.48708257698851,107.5452432627192,0.0,A tiempo,-12.0464,-77.0428
PED-01900,2024-09-26,Perú,Monitor 4K,Trujillo,6,6.0,33.745077298001675,164.32268988690916,0.0,A tiempo,-8.115,-79.029
PED-01901,2024-01-20,México,Monitor 4K,CDMX,5,5.0,44.432212271566335,58.57583775818423,0.0,A tiempo,19.4326,-99.1332
PED-01902,2024-12-04,Chile,Laptop Pro,Valparaíso,7,5.0,50.326388366908716,335.24235568229733,0.0,A tiempo,-33.0472,-71.6127
PED-01903,2024-06-21,México,Mouse Ergonómico,CDMX,6,12.0,61.37381097628914,101.89194972514912,79.88613715756267,Retrasado,19.4326,-99.1332
PED-01904,2024-11-12,Colombia,Teclado Mecánico,Medellín,3,1.0,33.99469372602185,127.78676496474338,0.0,A tiempo,6.2476,-75.5658
PED-01905,2024-03-08,Perú,Teclado Mecánico,Lima,8,7.0,53.10472754180751,82.53940546937827,0.0,A tiempo,-12.0464,-77.0428
PED-01906,2024-11-01,Chile,Mouse Ergonómico,Santiago,8,8.0,38.727362074458526,142.86721495562358,0.0,A tiempo,-33.4489,-70.6693
PED-01907,2024-07-11,México,Teclado Mecánico,Guadalajara,6,10.0,38.43058602770529,111.8089903338097,55.733665673104326,Retrasado,20.6597,-103.3496
PED-01908,2024-03-19,Chile,Monitor 4K,Valparaíso,7,8.0,53.22504660289905,72.82220060329003,6.719704018435429,Retrasado,-33.0472,-71.6127
PED-01909,2024-03-24,Colombia,Laptop Pro,Bogotá,3,1.0,16.358940061816416,299.51903884347246,0.0,A tiempo,4.711,-74.0721
PED-01910,2024-04-02,Colombia,Monitor 4K,Medellín,5,9.0,24.681222497106713,90.41776564251602,53.3137237146735,Retrasado,6.2476,-75.5658
PED-01911,2024-12-20,Perú,Monitor 4K,Trujillo,10,12.0,55.00917329085858,119.56713402551175,10.384634069135203,Retrasado,-8.115,-79.029
PED-01912,2024-11-15,Chile,Laptop Pro,Valparaíso,9,11.0,40.17675727723224,252.80893002501966,12.244027335312857,Retrasado,-33.0472,-71.6127
PED-01913,2024-03-25,México,Hub USB-C,Guadalajara,5,7.0,66.05355962361807,98.82593191537222,29.811304255134694,Retrasado,20.6597,-103.3496
PED-01914,2024-08-12,México,Teclado Mecánico,Guadalajara,5,11.0,62.2393634423789,115.81229010597323,46.82365071542104,Retrasado,20.6597,-103.3496
PED-01915,2024-01-23,México,Laptop Pro,Monterrey,7,13.0,34.285800016616996,301.32093228772135,88.5325916234372,Retrasado,25.6866,-100.3161
PED-01916,2024-07-29,Perú,Mouse Ergonómico,Arequipa,7,7.0,40.67628756818013,153.87764977555983,0.0,A tiempo,-16.409,-71.5375
PED-01917,2024-07-05,Colombia,Mouse Ergonómico,Bogotá,3,8.0,7.1422275550505,130.9609109628421,43.054722150366786,Retrasado,4.711,-74.0721
PED-01918,2024-12-12,México,Mouse Ergonómico,Guadalajara,6,7.0,42.174086374518666,99.70076813037014,12.528694445035706,Retrasado,20.6597,-103.3496
PED-01919,2024-05-01,Perú,Hub USB-C,Arequipa,6,8.0,57.66388476572399,108.66756389990692,23.15556814476357,Retrasado,-16.409,-71.5375
PED-01920,2024-08-15,Perú,Laptop Pro,Trujillo,8,5.0,45.86105057725143,311.82662205928,0.0,A tiempo,-8.115,-79.029
PED-01921,2024-11-08,Perú,Hub USB-C,Lima,7,7.0,54.60797243615968,116.13198416667296,0.0,A tiempo,-12.0464,-77.0428
PED-01922,2024-05-25,Perú,Mouse Ergonómico,Arequipa,6,,34.776656817182555,26.973680173415687,0.0,A tiempo,-16.409,-71.5375
PED-01923,2024-08-17,Perú,Monitor 4K,Arequipa,6,9.0,57.97975254581905,87.93894816922611,22.04845688500178,Retrasado,-16.409,-71.5375
PED-01924,2024-04-29,Perú,Monitor 4K,Trujillo,7,10.0,44.448907720716505,40.62243727226295,28.274127809805556,Retrasado,-8.115,-79.029
PED-01925,2024-09-30,Colombia,Hub USB-C,Medellín,6,2.0,30.12169682282905,151.13123789837945,0.0,A tiempo,6.2476,-75.5658
PED-01926,2024-05-02,Colombia,Mouse Ergonómico,Medellín,5,5.0,29.071254986069473,97.56601919988289,0.0,A tiempo,6.2476,-75.5658
PED-01927,2024-06-07,México,Mouse Ergonómico,Guadalajara,5,8.0,37.28451479107716,92.2663620128151,22.516332728139602,Retrasado,20.6597,-103.3496
PED-01928,2024-08-28,Chile,Mouse Ergonómico,Santiago,7,7.0,38.469156682602176,135.8718932813294,0.0,A tiempo,-33.4489,-70.6693
PED-01929,2024-04-09,Colombia,Mouse Ergonómico,Medellín,4,6.0,39.67794469003426,116.89299189799499,19.42501433247056,Retrasado,6.2476,-75.5658
PED-01930,2024-07-07,Chile,Laptop Pro,Santiago,7,,53.98992157501696,254.8546194248317,5.267705857031278,Retrasado,-33.4489,-70.6693
PED-01931,2024-12-13,México,Hub USB-C,Guadalajara,6,7.0,60.500490415534266,97.16378549890524,5.919379359208376,Retrasado,20.6597,-103.3496
PED-01932,2024-10-19,Colombia,Hub USB-C,Cali,4,4.0,33.24658235502518,86.59332107094461,0.0,A tiempo,3.4516,-76.5319
PED-01933,2024-08-13,Colombia,Laptop Pro,Bogotá,5,3.0,31.429906348092164,230.21868445575785,0.0,A tiempo,4.711,-74.0721
PED-01934,2024-08-24,México,Monitor 4K,Monterrey,5,4.0,32.73989381333233,72.38895067051182,0.0,A tiempo,25.6866,-100.3161
PED-01935,2024-05-24,México,Hub USB-C,Monterrey,5,7.0,47.296333032388304,92.65838711934137,23.89344007288399,Retrasado,25.6866,-100.3161
PED-01936,2024-07-14,Chile,Teclado Mecánico,Concepción,8,9.0,49.72615679596256,95.4019627403263,5.081009416473225,Retrasado,-36.8201,-73.0444
PED-01937,2024-09-14,Chile,Hub USB-C,Concepción,7,7.0,69.53107198272573,40.71074305290765,0.0,A tiempo,-36.8201,-73.0444
PED-01938,2024-09-27,México,Hub USB-C,Monterrey,5,5.0,56.86956632098677,146.06662332189902,0.0,A tiempo,25.6866,-100.3161
PED-01939,2024-08-02,Colombia,Monitor 4K,Bogotá,4,4.0,45.36061181709528,95.91587764434244,0.0,A tiempo,4.711,-74.0721
PED-01940,2024-03-23,Perú,Laptop Pro,Trujillo,7,10.0,55.97537705894728,301.50212306642254,44.74523064835506,Retrasado,-8.115,-79.029
PED-01941,2024-04-12,Chile,Monitor 4K,Valparaíso,8,8.0,42.886967730505205,116.02566553359347,0.0,A tiempo,-33.0472,-71.6127
PED-01942,2024-11-05,México,Monitor 4K,Monterrey,6,4.0,51.17124216149851,68.47694984385315,0.0,A tiempo,25.6866,-100.3161
PED-01943,2024-03-11,Colombia,Laptop Pro,Medellín,4,6.0,32.36223646264233,318.25423892530785,14.74628321789503,Retrasado,6.2476,-75.5658
PED-01944,2024-05-08,Colombia,Teclado Mecánico,Bogotá,4,4.0,20.608444302293183,85.31701415927267,0.0,A tiempo,4.711,-74.0721
PED-01945,2024-01-27,Chile,Laptop Pro,Valparaíso,9,10.0,46.15612623407079,264.13657837411233,13.560953322363837,Retrasado,-33.0472,-71.6127
PED-01946,2024-11-24,Chile,Monitor 4K,Concepción,7,,47.94233006322828,122.93789973421596,33.37114738731256,Retrasado,-36.8201,-73.0444
PED-01947,2024-09-03,Perú,Laptop Pro,Lima,7,7.0,66.05619832565118,359.6669543520723,0.0,A tiempo,-12.0464,-77.0428
PED-01948,2024-07-09,Chile,Hub USB-C,Concepción,7,8.0,29.192594746090215,128.99317493943326,9.454336752860302,Retrasado,-36.8201,-73.0444
PED-01949,2024-10-10,Perú,Hub USB-C,Lima,8,7.0,62.05818420716043,136.91910260561724,0.0,A tiempo,-12.0464,-77.0428
PED-01950,2024-02-22,México,Teclado Mecánico,Monterrey,6,6.0,40.63204765040617,79.17477573750804,0.0,A tiempo,25.6866,-100.3161
PED-01951,2024-12-30,Chile,Teclado Mecánico,Valparaíso,8,10.0,36.27920812730386,36.095210833261746,28.554645595660077,Retrasado,-33.0472,-71.6127
PED-01952,2024-09-21,Perú,Laptop Pro,Lima,9,7.0,61.79942130038464,359.60550088399367,0.0,A tiempo,-12.0464,-77.0428
PED-01953,2024-03-04,Chile,Laptop Pro,Valparaíso,7,8.0,57.318980692343814,382.1805955761904,8.708041975448475,Retrasado,-33.0472,-71.6127
PED-01954,2024-05-25,México,Laptop Pro,Guadalajara,6,7.0,62.5451870238119,361.7122709507873,12.08954123428422,Retrasado,20.6597,-103.3496
PED-01955,2024-02-12,México,Mouse Ergonómico,Monterrey,8,9.0,58.00701947545576,86.56856244081001,7.259867656614924,Retrasado,25.6866,-100.3161
PED-01956,2024-03-23,Perú,Monitor 4K,Lima,6,9.0,70.59845001737402,53.814626450846234,34.692394026890184,Retrasado,-12.0464,-77.0428
PED-01957,2024-05-19,Colombia,Monitor 4K,Cali,3,4.0,35.587238369444854,57.37269208721734,6.64216958227346,Retrasado,3.4516,-76.5319
PED-01958,2024-08-18,México,Teclado Mecánico,Guadalajara,5,9.0,48.435226238768415,32.65069729543805,22.239211394467453,Retrasado,20.6597,-103.3496
PED-01959,2024-09-19,México,Hub USB-C,CDMX,6,5.0,53.42926377321343,95.70485526359819,0.0,A tiempo,19.4326,-99.1332
PED-01960,2024-03-16,México,hub_usb-c,Guadalajara,6,7.0,62.434691283459635,164.22711832329819,14.299847831341348,Retrasado,20.6597,-103.3496
PED-01961,2024-08-11,México,Hub USB-C,Guadalajara,6,7.0,42.20624674739883,94.33349472511027,10.517508829395513,Retrasado,20.6597,-103.3496
PED-01962,2024-02-16,Colombia,Hub USB-C,Bogotá,3,2.0,23.48111417468619,112.09291601393099,0.0,A tiempo,4.711,-74.0721
PED-01963,2024-04-23,México,Monitor 4K,Guadalajara,6,9.0,46.91039985402092,155.02387857216834,24.979635027151538,Retrasado,20.6597,-103.3496
PED-01964,2024-08-18,Colombia,Mouse Ergonómico,Medellín,4,10.0,8.954172012346678,83.83618752670401,65.5595188731268,Retrasado,6.2476,-75.5658
PED-01965,2024-06-27,Chile,Hub USB-C,Valparaíso,9,9.0,51.38078408417547,181.4212582687838,0.0,A tiempo,-33.0472,-71.6127
PED-01966,2024-01-14,Colombia,Teclado Mecánico,Bogotá,4,6.0,11.138712960489737,179.68377629989814,28.91475918804588,Retrasado,4.711,-74.0721
PED-01967,2024-07-31,Perú,Laptop Pro,Trujillo,7,8.0,50.53059312932619,294.7555464527807,12.475746360541104,Retrasado,-8.115,-79.029
PED-01968,2024-01-28,Chile,Laptop Pro,Concepción,11,11.0,58.652897561352496,276.8986294392315,0.0,A tiempo,-36.8201,-73.0444
PED-01969,2024-07-21,Colombia,Teclado Mecánico,Medellín,4,1.0,25.231235393561644,127.88952185561251,0.0,A tiempo,6.2476,-75.5658
PED-01970,2024-09-14,Colombia,Teclado Mecánico,Medellín,4,4.0,46.771158701868714,86.09900229924568,0.0,A tiempo,6.2476,-75.5658
PED-01971,2024-07-10,Colombia,Teclado Mecánico,Bogotá,4,2.0,15.394991005815122,53.737791317306545,0.0,A tiempo,4.711,-74.0721
PED-01972,2024-04-30,Colombia,mouse_ergonómico,Medellín,4,9.0,41.91260681631832,151.24954614091922,71.39211333030973,Retrasado,6.2476,-75.5658
PED-01973,2024-07-16,Colombia,Laptop Pro,Bogotá,6,6.0,36.751370564069205,348.6578954910832,0.0,A tiempo,4.711,-74.0721
PED-01974,2024-02-11,Colombia,Mouse Ergonómico,Cali,4,4.0,12.839667516893108,106.22046415054243,0.0,A tiempo,3.4516,-76.5319
PED-01975,2024-10-07,Perú,Hub USB-C,Arequipa,6,9.0,77.10794299040532,49.485409850872884,27.34038746644501,Retrasado,-16.409,-71.5375
PED-01976,2024-04-24,Perú,Laptop Pro,Trujillo,8,7.0,49.36254714496034,250.81894995130455,0.0,A tiempo,-8.115,-79.029
PED-01977,2024-01-15,Perú,Teclado Mecánico,Arequipa,6,6.0,41.22515977844368,104.2891715367661,0.0,A tiempo,-16.409,-71.5375
PED-01978,2024-06-12,Colombia,Mouse Ergonómico,Medellín,4,5.0,15.92912805215983,80.0051586197987,13.574148466508008,Retrasado,6.2476,-75.5658
PED-01979,2024-02-20,Chile,Monitor 4K,Concepción,7,10.0,47.79981972340326,86.35628271433568,31.748295732117477,Retrasado,-36.8201,-73.0444
PED-01980,2024-12-31,Perú,Laptop Pro,Trujillo,6,8.0,48.725931276100404,340.87852620240017,27.227254379131335,Retrasado,-8.115,-79.029
PED-01981,2024-11-28,México,Teclado Mecánico,Monterrey,5,6.0,51.02645528539664,129.32717269690232,13.31134765403696,Retrasado,25.6866,-100.3161
PED-01982,2024-06-20,México,Teclado Mecánico,CDMX,8,9.0,47.0220384377604,155.1257072199045,7.820423547896711,Retrasado,19.4326,-99.1332
PED-01983,2024-03-15,Colombia,Hub USB-C,Medellín,3,5.0,36.33225310115093,60.3750710649097,20.95474888648548,Retrasado,6.2476,-75.5658
PED-01984,2024-03-11,Chile,Mouse Ergonómico,Valparaíso,10,11.0,46.123701673367535,86.27233725253151,5.8321770274007045,Retrasado,-33.0472,-71.6127
PED-01985,2024-01-20,Perú,Hub USB-C,Arequipa,7,6.0,30.65035882759529,130.3592678184045,0.0,A tiempo,-16.409,-71.5375
PED-01986,2024-05-26,Colombia,Monitor 4K,Cali,4,5.0,28.506385043503588,117.92313364051567,9.04262715065153,Retrasado,3.4516,-76.5319
PED-01987,2024-08-29,Chile,Monitor 4K,Concepción,9,8.0,26.325223466267218,161.29521530350488,0.0,A tiempo,-36.8201,-73.0444
PED-01988,2024-12-22,México,Hub USB-C,Monterrey,5,6.0,53.5377063089139,116.82146823616277,8.027553706179532,Retrasado,25.6866,-100.3161
PED-01989,2024-03-12,Perú,Laptop Pro,Trujillo,7,7.0,40.20699769717365,373.9243641642221,0.0,A tiempo,-8.115,-79.029
PED-01990,2024-12-27,Colombia,Laptop Pro,Cali,4,11.0,31.633603549158003,321.60071206892565,52.62315705818136,Retrasado,3.4516,-76.5319
PED-01991,2024-08-28,Colombia,Hub USB-C,Bogotá,3,3.0,43.14074981524604,142.4866979035464,0.0,A tiempo,4.711,-74.0721
PED-01992,2024-08-17,Chile,Hub USB-C,Santiago,8,6.0,40.51251304732,87.05940212862171,0.0,A tiempo,-33.4489,-70.6693
PED-01993,2024-11-11,Colombia,Laptop Pro,Cali,3,3.0,40.61256258512118,300.57148847535956,0.0,A tiempo,3.4516,-76.5319
PED-01994,2024-01-03,Colombia,Mouse Ergonómico,Cali,3,5.0,25.666104333138467,136.43777615357902,16.08364955257032,Retrasado,3.4516,-76.5319
PED-01995,2024-02-10,Perú,Hub USB-C,Trujillo,7,12.0,67.53194802065585,164.51912682372216,48.450721527639395,Retrasado,-8.115,-79.029
PED-01996,2024-01-10,México,Teclado Mecánico,CDMX,6,6.0,46.34847386801787,129.16947797243012,0.0,A tiempo,19.4326,-99.1332
PED-01997,2024-11-05,México,Mouse Ergonómico,Guadalajara,6,4.0,41.59507014493309,96.67312912261522,0.0,A tiempo,20.6597,-103.3496
PED-01998,2024-04-20,Chile,Hub USB-C,Valparaíso,7,10.0,56.87238450395289,155.0934011811337,41.67434885987356,Retrasado,-33.0472,-71.6127
PED-01999,2024-03-17,México,Teclado Mecánico,CDMX,7,5.0,45.64210270376364,12.320853748804765,0.0,A tiempo,19.4326,-99.1332
PED-02000,2024-10-07,Chile,Teclado Mecánico,Concepción,7,7.0,41.58550485870992,43.110619939725055,0.0,A tiempo,-36.8201,-73.0444
